Port,longitude,latitude
KEFLAVIK,-22.33,64
STRAUMSVIK,-22.03,64.03
HAFNARFJORDUR,-21.57,64.04
SKERJAFJORDUR,-22.01,64.09
REYKJAVIK,-21.56,64.09
GRUNDARTANGI,-22,64.16
BILDUDALUR,-23.36,65.41
THINGEYRI,-23.29,65.53
BOLUNGAVIK,-23.14,66.1
ISAFJORDUR,-23.07,66.04
BLONDUOS,-20.18,65.4
SKAGASTROND,-20.19,65.5
SAUDARKROKUR,-19.4,65.45
SIGLUFJORHURD,-18.55,66.09
OLAFSFJORDHUR,-18.38,66.05
DALVIK,-18.31,65.59
AKUREYRI,-18.05,65.41
HUSAVIK,-17.2,66.02
KOPASKER,-16.27,66.17
RAUFARHOFN,-15.56,66.27
VOPNAFJORDHUR,-14.5,65.45
SEYDHISFJORDHUR,-14,65.16
NESKAUPSTADUR,-13.41,65.09
ESKIFJORDHUR,-14.01,65.04
BUDIR,-14.01,64.56
DJUPIVOGUR,-14.17,64.4
HORNABJORDUR,-15.14,64.15
VESTMANNAEYJAR,-20.17,63.26
QUTDLEQ,-42.13,61.31
KUSANARTOQ,-42.13,61.46
NANORTALIK HAVN,-45.12,60.07
QAQURTOQ,-46.03,60.43
NARSAQ,-46.03,60.55
NARSARSSUAQ,-45.26,61.09
GRONNEDAL (KANGILINNGUIT),-48.06,61.14
PAAMUIT (FREDERIKSHAB),-49.4,62
KANGERLUARSORUSEQ,-51.33,63.42
NUUK,-51.45,64.11
MANIITSOQ,-52.55,65.25
KANGAMIUT,-53.18,65.49
SISIMIUT,-53.42,66.55
KANGERLUSUAQ,-50.57,66.58
ATTU,-53.44,67.57
AASIAAT,-52.52,68.42
QASIGIANNGUIT-CHRISTIANSHAB,-51.11,68.49
ILLULISSAT (JAKOBSHAVN),-51.06,69.13
QEQERTARSUAQ,-53.32,69.14
NIAQORNAT,-53.4,70.48
UUMMANNAQ HARBOR,-52.09,70.41
KAJALLEQ UPERNAVIK,-55.32,72.09
UPERNAVIK,-56.09,72.46
PITUFFIK (THULE AIR BASE),-68.52,76.32
POND INLET,-76.45,72.45
PADLOPING ISLAND,-62.44,67.02
PANGNIRTUNG,-65.45,66.08
CHURCHILL,-94.11,58.47
GOOSE BAY,-60.18,53.22
CONCHE,-55.54,50.53
RODDICKTON,-56.08,50.52
WESTPORT COVE,-56.37,49.47
SEAL COVE,-56.23,49.56
LITTLE BAY,-56,49.37
SPRINGDALE,-56.04,49.3
FORTUNE HARBOR,-55.14,49.32
TWILLINGATE HARBOR,-54.46,49.4
BONAVISTA HARBOR,-53.07,48.39
CATALINA HARBOR,-53.05,48.3
PORT UNION,-53.05,48.3
CLARENVILLE,-53.57,48.09
CARBONEAR BAY,-53.13,47.44
HARBOR GRACE,-53.13,47.41
ST JOHN'S,-52.42,47.34
TREPASSEY HARBOR,-53.24,46.44
ARGENTIA,-53.59,47.18
COME BY CHANCE HARBOR,-54.01,47.48
PORT DE ST PIERRE,-56.1,46.47
GRAND BANK,-55.45,47.06
BURGEO,-57.37,47.36
PORT AUX BASQUES,-59.08,47.34
STEPHENVILLE,-58.32,48.32
ST GEORGE'S,-58.27,48.27
CORNER BROOK,-57.57,48.57
BLANC SABLON,-57.08,51.25
HAVRE ST PIERRE,-63.36,50.14
MINGAN,-64.01,50.17
SEPT ILES,-66.23,50.12
POINTE NOIRE,-66.29,50.1
PORT CARTIER,-66.47,50.02
MATANE,-67.32,48.51
BAIE COMEAU,-68.08,49.14
RIMOUSKI,-68.31,48.27
TADOUSSAC,-69.43,48.09
LA BAIE (PORT ALFRED),-70.53,48.2
CHICOUTIMI (PORT SAGUENAY),-71.04,48.26
RIVIERE DU LOUP,-69.31,47.5
QUEBEC,-71.13,46.49
PORT DE BECANCOUR,-72.23,46.24
TROIS RIVIERES,-72.33,46.21
SOREL,-73.07,46.03
MONTREAL,-73.33,45.31
VAUDREUIL,-74.02,45.24
OKA SUR LE LAC,-74.05,45.28
HUDSON,-74.08,45.28
ST PLACIDE,-74.12,45.32
ST ANDREWS EAST,-74.2,45.34
CARILLON,-74.22,45.34
CHUTE A BLONDEAU,-74.28,45.35
GRENVILLE,-74.36,45.38
HAWKESBURY,-74.37,45.37
FASSETT,-74.52,45.39
MONTEBELLO,-74.56,45.39
PAPINEAUVILLE,-75.01,45.37
THURSO,-75.14,45.36
ROCKLAND,-75.18,45.33
CUMBERLAND,-75.24,45.31
MASSON,-75.25,45.32
GATINEAU,-75.39,45.29
OTTAWA,-75.42,45.26
HULL,-75.42,45.26
BEAUHARNOIS,-73.53,45.19
COTEAU LANDING,-74.12,45.15
ST ZOTIQUE,-74.15,45.15
ST ANICET,-74.22,45.08
SOUTH LANCASTER,-74.3,45.08
CORNWALL,-74.44,45.01
CARDINAL,-75.23,44.47
LOWER LAKES TERMINAL,-75.28,44.44
BROCKVILLE,-75.4,44.35
ROCKPORT,-75.56,44.23
GANANOQUE,-76.1,44.2
WOLFE ISLAND,-76.26,44.12
KINGSTON,-76.3,44.14
OGDENSBURG,-75.3,44.42
ALEXANDRIA BAY,-75.55,44.2
CLAYTON,-76.03,44.14
MILLHAVEN,-76.44,44.12
PICTON,-77.08,44.01
BELLEVILLE,-77.24,44.09
TRENTON,-77.34,44.06
COBOURG,-78.1,43.57
PORT HOPE,-78.17,43.56
CONTRECOUR,-73.12,45.53
OSHAWA,-78.49,43.52
PORT WHITBY,-78.56,43.51
TORONTO,-79.23,43.37
PORT CREDIT,-79.35,43.33
CLARKSON,-79.36,43.3
OAKVILLE,-79.4,43.26
BRONTE,-79.43,43.24
HAMILTON,-79.51,43.15
PORT DALHOUSIE,-79.16,43.13
PORT WELLER,-79.13,43.14
WELLAND,-79.15,43
THOROLD,-79.43,43.05
ST CATHERINE,-79.17,43.11
NIAGARA,-79.04,43.15
QUEENSTON,-79.04,43.1
CHAUMONT,-76.08,44.04
SACKETS HARBOR,-76.07,43.57
OSWEGO,-76.31,43.28
SODUS BAY,-76.59,43.16
ROCHESTER,-77.36,43.16
YOUNGSTOWN,-79.03,43.15
PORT COLBORNE,-79.15,42.53
PORT MAITLAND,-79.35,42.51
PORT DOVER,-80.12,42.47
PORT STANLEY,-81.12,42.4
RONDEAU,-81.54,42.16
PELEE I NORTH WHARF,-82.4,41.49
PELEE I WEST DOCK,-82.41,41.46
LEAMINGTON,-82.36,42.02
KINGSVILLE,-82.44,42.01
AMHERSTBURG,-83.06,42.06
WINDSOR,-83.02,42.19
TONAWANDA,-78.53,43.02
BUFFALO,-78.53,42.53
DUNKIRK,-79.2,42.29
ERIE,-80.06,42.09
CONNEAUT,-80.33,41.58
ASHTABULA,-80.48,41.54
FAIRPORT,-81.18,41.46
CLEVELAND,-81.43,41.3
LORAIN,-82.11,41.28
VERMILION,-82.22,41.26
HURON,-82.33,41.24
SANDUSKY,-82.43,41.27
PORT CLINTON,-82.56,41.31
PUT IN BAY,-82.49,41.39
TOLEDO,-83.28,41.42
MONROE,-83.2,41.53
TRENTON,-83.1,42.08
WYANDOTTE,-83.09,42.12
ROUGE RIVER,-83.07,42.17
DETROIT,-83.02,42.2
WALPOLE ISLAND,-82.31,42.37
SOMBRA,-82.29,42.43
COURTRIGHT,-82.28,42.49
SARNIA,-82.25,42.59
POINT EDWARD,-82.25,43
GODERICH,-81.44,43.45
PORT ELGIN,-81.24,44.26
SOUTHAMPTON,-81.23,44.3
TOBERMORY,-81.4,45.16
LIONS HEAD,-81.15,44.59
WIARTON,-81.08,44.45
OWEN SOUND,-80.56,44.35
MEAFORD,-80.36,44.37
THORNBURY,-80.27,44.34
COLLINGWOOD,-80.14,44.3
PENETANGUISHENE,-79.56,44.46
MIDLAND,-79.55,44.45
TIFFIN,-79.51,44.45
PORT MCNICOLL,-79.48,44.45
VICTORIA HARBOUR,-79.49,44.45
WAUBAUSHENE,-79.43,44.46
PORT SEVERN,-79.43,44.48
DEPOT HARBOUR,-80.06,45.19
PARRY SOUND,-80.02,45.2
BYNG INLET,-80.34,45.46
KEY HARBOUR,-80.45,45.53
KILLARNEY,-81.31,45.58
MANITOWANING,-81.48,45.45
SHEGUIANDAH,-81.55,45.54
LITTLE CURRENT,-81.56,45.59
HONORA,-82.1,45.52
KAGAWONG,-82.15,45.55
GORE BAY,-82.28,45.55
MELDRUM BAY,-83.07,45.56
BLIND RIVER,-82.57,46.11
COCKBURN,-83.19,45.57
THESSALON,-83.34,46.15
BRUCE MINES,-83.47,46.17
HILTON,-83.53,46.15
DESBARATS,-83.55,46.2
RICHARDS LANDING,-84.02,46.18
SAULT STE MARIE,-84.21,46.31
ALGONAC,-82.31,42.37
MARINE CITY,-82.3,42.43
ST CLAIR,-82.29,42.49
PORT HURON,-82.26,43
HARBOR BEACH,-82.39,43.51
PORT HOPE,-82.42,43.57
BAY CITY,-83.52,43.36
SAGINAW,-83.56,43.26
ALABASTER,-83.33,44.11
TAWAS CITY,-83.3,44.16
AU SABLE,-83.19,44.24
OSCODA,-83.19,44.25
ALPENA,-83.25,45.04
ROCKPORT,-83.23,45.12
CALCITE,-83.47,45.25
ROGERS CITY,-83.49,45.27
CHEBOYGAN,-84.28,45.39
MACKINAW CITY,-84.43,45.47
MACKINAC ISLAND,-84.37,45.51
ST IGNACE,-84.43,45.51
SAULT STE MARIE,-84.21,46.3
ST. JAMES HARBOR,-85.31,45.44
HARBOR SPRINGS,-84.59,45.26
PETOSKEY,-84.58,45.22
CHARLEVOIX,-85.16,45.19
TRAVERSE CITY,-85.37,44.46
LELAND,-85.46,45.01
FRANKFORT,-86.15,44.38
MANISTEE,-86.19,44.15
LUDINGTON,-86.27,43.57
WHITE LAKE,-86.21,43.23
MUSKEGON,-86.16,43.14
GRAND HAVEN,-86.14,43.04
HOLLAND,-86.08,42.47
SAUGATUCK,-86.12,42.4
SOUTH HAVEN,-86.17,42.24
ST JOSEPH,-86.29,42.07
MICHIGAN CITY,-86.54,41.44
GARY,-87.2,41.37
BUFFINGTON,-87.25,41.38
INDIANA HARBOR,-87.26,41.4
CALUMET HARBOR,-87.31,41.44
CHICAGO,-87.36,41.53
WILMETTE,-87.41,42.05
GREAT LAKES,-87.5,42.18
WAUKEGAN,-87.49,42.22
KENOSHA,-87.49,42.35
RACINE,-87.47,42.44
MILWAUKEE,-87.53,43.02
PORT WASHINGTON,-87.52,43.23
SHEBOYGAN,-87.42,43.45
MANITOWOC,-87.39,44.06
TWO RIVERS,-87.34,44.09
KEWAUNEE,-87.3,44.28
ALGOMA,-87.26,44.36
STURGEON BAY,-87.23,44.5
GREEN BAY,-88.01,44.31
DEPERE,-88.04,44.27
KAUKAUNA,-88.16,44.17
OCONTO,-87.5,44.54
MARINETTE,-87.36,45.05
MENOMINEE,-87.36,45.06
ESCANABA,-87.03,45.46
GLADSTONE,-87.01,45.51
NAHMA,-86.4,45.5
MANISTIQUE,-86.15,45.57
PORT INLAND,-85.52,45.58
GOULAIS BAY,-84.3,46.44
BATCHAWANA BAY,-84.36,46.55
GARGANTUA,-84.58,47.34
MICHIPICOTEN,-84.54,47.58
QUEBEC HARBOUR,-85.48,47.42
HERON BAY,-86.19,48.39
THUNDER BAY,-89.14,48.24
GRAND MARAIS,-85.58,46.41
MUNISING,-86.39,46.25
MARQUETTE,-87.23,46.32
PRESQUE ISLE,-87.23,46.34
L ANSE,-88.28,46.46
BARAGA,-88.29,46.47
COPPER HARBOR,-87.52,47.28
EAGLE HARBOR,-88.1,47.28
HOUGHTON,-88.34,47.07
ONTONAGON,-89.2,46.53
ASHLAND,-90.52,46.36
WASHBURN,-90.53,46.4
BAYFIELD,-90.49,46.48
LA POINTE,-90.47,46.47
CORNUCOPIA,-91.06,46.52
PORT WING,-91.23,46.47
SUPERIOR,-92.04,46.44
DULUTH,-92.06,46.46
TWO HARBORS,-91.39,47.01
GRAND MARAIS,-90.2,47.45
WASHINGTON HARBOR,-89.09,47.55
GASPE,-64.29,48.5
DOUGLASTOWN,-64.23,48.46
CHANDLER,-64.4,48.22
DALHOUSIE,-66.22,48.04
CARAQUET,-64.56,47.48
SHIPPEGAN,-64.42,47.45
SHEDIAC,-64.33,46.13
ALBERTON,-64.04,46.48
SOURIS HARBOUR,-62.15,46.21
GEORGETOWN,-62.32,46.11
CHARLOTTETOWN,-63.08,46.14
SUMMERSIDE,-63.47,46.24
PICTOU,-62.43,45.4
PORT HAWKESBURY,-61.22,45.37
PORT HASTINGS,-61.24,45.39
CHETICAMP,-61,46.38
WHYCOCOMAGH,-61.08,45.58
GRAND NARROWS,-60.47,45.57
LITTLE BRAS D OR,-60.18,46.15
NORTH SYDNEY,-60.15,46.13
SYDNEY,-60.12,46.09
LOUISBURG,-59.58,45.55
ARICHAT,-61.01,45.31
GUYSBOROUGH,-61.3,45.24
CANSO,-61,45.2
WHITEHAVEN HARBOR,-61.11,45.14
GOLDSBORO,-61.39,45.11
STORMONT,-61.43,45.13
SONORA,-61.55,45.04
MUSQUODOBOIT HARBOUR,-63.09,44.47
HALIFAX,-63.35,44.39
SAMBRO,-63.36,44.28
LUNENBURG,-64.19,44.23
LIVERPOOL (BROOKLYN),-64.39,44.02
LOCKEPORT,-65.07,43.42
YARMOUTH,-66.07,43.5
DIGBY,-65.46,44.37
ANNAPOLIS ROYAL,-65.31,44.45
WINDSOR,-64.09,45
CANAPORT (ST. JOHN),-65.59,45.12
ST JOHN,-66.03,45.16
PORT BAYSIDE NB,-67.08,45.09
EASTPORT,-66.59,44.54
LUBEC,-66.59,44.52
MACHIASPORT,-67.24,44.42
MACHIAS,-67.28,44.43
JONESPORT,-67.37,44.32
WYMAN,-67.52,44.31
MILBRIDGE,-67.53,44.32
COREA,-67.58,44.24
WINTER HARBOR,-68.05,44.23
SORRENTO,-68.11,44.28
BAR HARBOR,-68.12,44.23
NORTHEAST HARBOR,-68.17,44.18
SOUTHWEST HARBOR,-68.19,44.17
MOUNT DESERT,-68.2,44.22
FRENCHBORO,-68.22,44.07
MINTURN,-68.27,44.09
SWANS ISLAND,-68.27,44.08
BASS HARBOR,-68.21,44.14
ELLSWORTH,-68.25,44.33
BROOKLIN,-68.35,44.16
BUCKS HARBOR,-68.44,44.2
STONINGTON,-68.4,44.09
CRIEHAVEN,-68.53,43.5
MATINICUS,-68.53,43.52
VINALHAVEN,-68.5,44.03
NORTH HAVEN,-68.52,44.08
CASTINE,-68.44,44.23
SANDYPOINT,-68.49,44.31
BUCKSPORT,-68.47,44.34
WINTERPORT,-68.51,44.38
BANGOR,-68.46,44.48
SEARSPORT,-68.55,44.27
BELFAST,-69,44.25
CAMDEN,-69.04,44.13
ROCKPORT,-69.04,44.11
ROCKLAND,-69.06,44.06
MONHEGAN,-69.19,43.46
PORT CLYDE,-69.15,43.55
THOMASTON,-69.11,44.04
FRIENDSHIP,-69.2,43.58
NEW HARBOR,-69.29,43.52
PEMAQUID BEACH,-69.32,43.52
SOUTH BRISTOL,-69.33,43.52
BOOTHBAY HARBOR,-69.35,43.52
ROBINHOOD,-69.44,43.51
BATH,-69.49,43.55
GARDINER,-69.46,44.14
AUGUSTA,-69.46,44.19
CUNDY HARBOR,-69.54,43.47
SOUTH HARPSWELL,-70.01,43.44
PORTLAND,-70.15,43.4
SACO,-70.27,43.3
KENNEBUNKPORT,-70.28,43.22
PORTSMOUTH,-70.45,43.05
NEWBURYPORT,-70.52,42.49
ROCKPORT,-70.37,42.4
GLOUCESTER,-70.4,42.36
BEVERLY,-70.53,42.32
SALEM,-70.53,42.31
MARBLEHEAD,-70.51,42.3
LYNN,-70.57,42.27
BOSTON,-71.03,42.21
QUINCY,-70.58,42.15
SCITUATE,-70.43,42.12
PLYMOUTH,-70.4,41.57
PROVINCETOWN,-70.11,42.03
HYANNIS,-70.17,41.39
HYANNIS PORT,-70.18,41.38
FALMOUTH,-70.37,41.33
NANTUCKET,-70.06,41.17
EDGARTOWN,-70.3,41.23
VINEYARD HAVEN,-70.36,41.27
WOODS HOLE,-70.4,41.31
NEW BEDFORD,-70.55,41.38
NEWPORT,-71.2,41.3
FALL RIVER,-71.1,41.42
TIVERTON,-71.13,41.38
BRISTOL,-71.16,41.4
PROVIDENCE,-71.24,41.48
QUONSET POINT,-71.24,41.35
DAVISVILLE DEPOT,-71.24,41.37
MONTAUK HARBOR,-71.56,41.04
GREENPORT,-72.22,41.06
STONINGTON,-71.54,41.2
NOANK,-71.59,41.19
MYSTIC,-71.58,41.21
NEW LONDON,-72.05,41.21
NORWICH,-72.05,41.31
ESSEX,-72.23,41.21
NEW HAVEN,-72.55,41.14
PORT JEFFERSON,-73.05,40.57
BRIDGEPORT,-73.11,41.1
SOUTHPORT,-73.17,41.08
NORWALK,-73.25,41.06
STAMFORD,-73.33,41.02
GREENWICH,-73.37,41.01
PORT CHESTER,-73.4,41
CITY ISLAND,-73.47,40.51
BROOKLYN,-74.01,40.4
NEW YORK CITY,-74.01,40.42
PATCHOGUE,-73.01,40.45
YONKERS,-73.54,40.56
NEWBURGH,-74,41.3
POUGHKEEPSIE,-73.57,41.42
KINGSTON,-73.58,41.56
CATSKILL,-73.51,42.13
ALBANY,-73.45,42.39
RENSSELAER,-73.45,42.39
TROY,-73.42,42.44
EDGEWATER,-73.59,40.49
WEEHAWKEN,-74.01,40.46
HOBOKEN,-74.01,40.45
JERSEY CITY,-74.02,40.43
BAYONNE,-74.06,40.41
NEWARK,-74.09,40.42
ELIZABETHPORT,-74.11,40.39
STAPLETON SI,-74.04,40.38
TOMPKINSVILLE SI,-74.04,40.38
PORT RICHMOND SI,-74.08,40.39
MARINERS HARBOR SI,-74.1,40.38
GULFPORT SI,-74.12,40.38
PORT SOCONY,-74.15,40.33
BAYWAY,-74.12,40.38
GRASSELLI,-74.12,40.37
CARTERET,-74.13,40.35
CHROME,-74.13,40.34
PORT READING,-74.14,40.34
SEWAREN,-74.15,40.33
MAURER,-74.15,40.32
PERTH AMBOY,-74.16,40.3
SAYREVILLE,-74.22,40.28
SOUTH AMBOY,-74.16,40.29
LEONARDO,-74.04,40.26
BARNEGAT,-74.06,39.46
ATLANTIC CITY,-74.25,39.22
SALEM NJ,-75.29,39.4
NEW CASTLE,-75.34,39.39
DEEPWATER POINT,-75.31,39.42
WILMINGTON,-75.33,39.44
MARCUS HOOK,-75.25,39.49
CHESTER,-75.21,39.51
PHILADELPHIA,-75.08,39.57
PAULSBORO,-75.15,39.51
GLOUCESTER,-75.08,39.54
CAMDEN,-75.08,39.57
BURLINGTON,-74.52,40.05
BRISTOL,-74.51,40.06
TRENTON,-74.46,40.12
OCEAN CITY,-75.05,38.2
CAPE CHARLES,-76.01,37.16
SALISBURY,-75.36,38.22
HAVRE DE GRACE,-76.05,39.32
BALTIMORE,-76.35,39.16
ANNAPOLIS,-76.29,38.59
SOLOMONS ISLAND,-76.27,38.19
WASHINGTON D.C.,-77.02,38.52
ALEXANDRIA,-77.02,38.48
PINEY POINT,-76.32,38.08
YORKTOWN,-76.3,37.14
WEST POINT,-76.48,37.32
FREDERICKSBURG,-77.27,38.18
NORFOLK,-76.18,36.51
PORTSMOUTH,-76.18,36.49
NEWPORT NEWS,-76.26,36.58
WARWICK,-77.25,37.27
RICHMOND,-77.25,37.32
ELIZABETH CITY,-76.13,36.18
HERTFORD,-76.28,36.11
EDENTON,-76.37,36.03
PLYMOUTH,-76.45,35.52
COLUMBIA,-76.15,35.55
BELHAVEN,-76.37,35.37
WASHINGTON,-77.03,35.33
BAYBORO,-76.46,35.09
NEW BERN,-77.03,35.06
BEAUFORT,-76.4,34.43
MOREHEAD CITY,-76.42,34.43
SWANSBORO,-77.08,34.41
WRIGHTSVILLE,-77.49,34.13
WILMINGTON,-77.57,34.14
SOUTHPORT,-78.01,33.55
GEORGETOWN,-79.17,33.22
CHARLESTON,-79.55,32.47
PORT ROYAL,-80.41,32.22
BEAUFORT,-80.4,32.26
SAVANNAH,-81.05,32.05
DARIEN,-81.26,31.22
BRUNSWICK,-81.3,31.09
FERNANDINA BEACH,-81.28,30.41
MAYPORT,-81.26,30.24
JACKSONVILLE,-81.39,30.19
ST AUGUSTINE,-81.19,29.54
CANAVERAL HARBOR,-80.37,28.42
FORT PIERCE,-80.19,27.28
PALM BEACH,-80.03,26.46
PORT EVERGLADES,-80.07,26.06
MIAMI,-80.11,25.47
KEY WEST,-81.49,24.33
BOCA GRANDE,-82.2,26.42
PORT MANATEE,-82.34,27.38
TAMPA,-82.27,27.55
ST PETERSBURG,-82.37,27.46
TARPON SPRINGS,-82.46,28.09
CARRABELLE,-84.4,29.51
APALACHICOLA,-84.59,29.43
PORT ST JOE,-85.19,29.49
PANAMA CITY,-85.39,30.08
PENSACOLA,-87.13,30.24
MOBILE,-88.07,30.41
PASCAGOULA,-88.34,30.21
BILOXI,-88.53,30.23
GULFPORT,-89.05,30.21
SLIDELL,-89.47,30.16
MADISONVILLE,-90.09,30.24
SOUTHWEST PASS,-90.42,28.27
PORT SULPHUR,-89.41,29.29
GRETNA,-90.04,29.55
NEW ORLEANS,-90.03,29.57
PORT OF MEMPHIS,-90.1,35.04
TRI-CITY PORT,-90.12,38.43
ST. JAMES,-90.56,29.59
CONVENT,-90.5,30.01
ST ROSE,-90.19,29.57
RESERVE,-90.33,30.03
DESTREHAN,-90.22,29.57
BATON ROUGE,-91.11,30.27
LOOP TERMINAL,-90.01,28.53
GRAND ISLE,-90,29.14
MORGAN CITY,-91.13,29.42
HAYMARK TERMINAL,-93.19,30.08
LAKE CHARLES,-93.15,30.13
SABINE,-93.52,29.43
SABINE PASS,-93.54,29.44
ORANGE,-93.44,30.05
PORT ARTHUR,-93.58,29.5
PORT NECHES,-93.57,30
BEAUMONT,-94.05,30.05
GALVESTON,-94.47,29.19
TEXAS CITY,-94.55,29.23
BAYTOWN,-95.01,29.44
NORSWORTHY,-95.12,29.44
PASADENA,-95.13,29.43
SINCO,-95.14,29.43
DEER PARK,-95.2,29.45
HOUSTON,-95.17,29.45
FREEPORT,-95.2,28.57
PALACIOS,-96.13,28.41
PORT LAVACA,-96.37,28.37
PORT OCONNOR,-96.24,28.27
ROCKPORT,-97.03,28.01
CORPUS CHRISTI,-97.24,27.49
PORT ARANSAS,-97.03,27.5
PORT INGLESIDE,-97.11,27.49
PORT ISABEL,-97.12,26.05
BROWNSVILLE,-97.24,25.57
ALTAMIRA,-97.51,22.29
TAMPICO,-97.52,22.13
TUXPAN,-97.24,20.57
VERACRUZ,-96.08,19.12
CAYO ARCAS TERMINAL,-91.59,20.1
COATZACOALCOS,-94.25,18.09
NANCHITAL,-94.25,18.04
MINATITLAN,-94.35,17.54
DOS BOCAS TERMINAL,-93.13,18.26
FRONTERA,-92.39,18.32
CIUDAD DEL CARMEN,-91.52,18.38
CAMPECHE,-90.33,19.51
PROGRESO,-89.4,21.17
SAN MIGUEL DE COZUMEL,-86.58,20.3
BELIZE CITY,-88.11,17.3
PUERTO BARRIOS,-88.36,15.44
SANTO THOMAS DE CASTILLA,-88.37,15.42
PUERTO CORTES,-87.57,15.5
TELA,-87.27,15.47
PUERTO ESTE,-86.54,16.05
LA CEIBA,-86.48,15.47
COXEN HOLE,-86.33,16.19
TRUJILLO,-85.57,15.55
PUERTO CASTILLA,-85.59,16
PUERTO CABEZAS,-83.23,14.01
EL BLUFF,-83.42,12
BLUEFIELDS,-83.45,12.01
PUERTO MOIN,-83.05,10
PUERTO LIMON,-83.01,9.59
CHIRIQUI GRANDE,-82.07,8.57
ALMIRANTE,-82.24,9.18
BOCAS DEL TORO,-82.14,9.2
PUERTO CRISTOBAL,-79.55,9.21
PUERTO COLON,-79.53,9.22
BAHIA DE LAS MINAS,-79.49,9.24
ST GEORGE'S,-64.41,32.23
IRELAND ISLAND,-64.5,32.19
HAMILTON,-64.47,32.18
FREEPORT,-78.47,26.31
SOUTH RIDING POINT,-78.13,26.37
NASSAU,-77.21,25.05
CLIFTON PIER,-77.33,25
COCKBURN TOWN,-74.32,24.03
MATTHEW TOWN,-73.41,20.57
GRAND TURK,-71.09,21.26
COCKBURN HARBOR,-71.32,21.3
CABANAS,-82.58,23
MARIEL,-82.45,22.59
BAHAI DE LA HABANA,-82.22,23.08
MATANZAS,-81.33,23.03
CARDENAS,-81.12,23.03
ISABELA DE SAGUA,-80,22.57
NUEVITAS BAY,-77.16,21.33
MANATI,-76.49,21.22
PUERTO PADRE,-76.32,21.17
ANTILLA,-75.44,20.5
FELTON,-75.36,20.44
NICARO,-75.33,20.43
BAHIA DE SAGUA DE TANAMO,-75.2,20.41
CAYO MOA GRANDE,-74.54,20.4
PUERTO GUANTANAMO,-75.08,19.59
SANTIAGO DE CUBA,-75.5,20.01
MEDIA LUNA,-77.26,20.09
CEIBA HUECA,-77.19,20.13
MANZANILLO,-77.07,20.21
GUAYABAL,-77.37,20.42
JUCARO,-78.51,21.37
TUNAS DE ZAZA,-79.33,21.38
CASILDA,-79.59,21.45
CIENFUEGOS,-80.27,22.09
NUEVA GERONA,-82.48,21.55
GEORGETOWN,-81.23,19.18
CAYMAN BRAC,-79.45,19.45
LUCEA,-78.1,18.27
MONTEGO BAY,-77.56,18.28
FALMOUTH,-77.39,18.29
RIO BUENO,-77.28,18.28
OCHO RIOS,-77.07,18.25
PORT ANTONIO,-76.27,18.11
KINGSTON,-76.47,17.58
PORT ESQUIVEL,-77.08,17.53
ROCKY POINT,-77.09,17.49
PORT KAISER,-77.36,17.52
SAVANNAH LA MAR,-78.08,18.12
JACMEL,-72.32,18.14
MIRAGOANE,-73.05,18.27
PETIT GOAVE,-72.52,18.26
PORT AU PRINCE,-72.21,18.33
CAP HAITIEN,-72.12,19.46
PEPILLO SALCEDO,-71.45,19.42
PUERTO PLATA,-70.42,19.48
SANTA BARBARA DE SAMANA,-69.2,19.12
PUERTO BOTADO,-69.27,19.12
SANCHEZ,-69.37,19.14
LA ROMANA,-68.58,18.25
SAN PEDRO DE MACORIS,-69.19,18.27
ANDRES (ANDRES LGN TERMINAL),-69.38,18.26
SANTO DOMINGO,-69.53,18.28
PUERTO DE HAINA,-70.01,18.25
PUNTA NIZAO OIL TERMINAL,-70.12,18.12
LAS CALDERAS,-70.31,18.13
PUERTO VIEJO DE AZUA,-70.5,18.21
SANTA CRUZ DE BARAHONA,-71.05,18.12
CABO ROJO,-71.39,17.55
AGUADILLA,-67.09,18.26
ARECIBO,-66.42,18.29
SAN JUAN,-66.07,18.28
BAHIA DE FAJARDO,-65.38,18.2
ENSENADA HONDA,-65.38,18.14
PLAYA DE HUMACAO,-65.45,18.1
PUERTO YABUCOA,-65.5,18.03
ARROYO,-66.04,17.58
BAHIA DE JOBOS,-66.11,17.57
LAS MAREAS,-66.1,17.57
PLAYA DE PONCE,-66.37,17.59
PLAYA DE GUAYANILLA,-66.46,18.01
PLAYA DE GUANICA,-66.55,17.58
MAYAGUEZ,-67.09,18.12
CHARLOTTE AMALIE,-64.56,18.21
CRUZ BAY,-64.48,18.2
FREDERIKSTED,-64.53,17.43
LIMETREE BAY,-64.45,17.42
PORT ALUCROIX,-64.46,17.42
CHRISTIANSTED,-64.42,17.45
ROAD HARBOR,-64.37,18.25
BAIE DU MARIGOT,-63.05,18.04
PHILLIPSBURG,-63.03,18.01
COLES BAY OIL TERMINAL,-63.05,18.01
GUSTAVIA,-62.51,17.54
ORANJESTAD,-62.59,17.29
BASSETERRE,-62.43,17.18
CHARLESTOWN,-62.38,17.08
ST JOHNS,-61.51,17.07
POINTE A PITRE,-61.32,16.14
BASSE TERRE,-61.44,16
PORT LOUIS,-61.32,16.25
ROSEAU,-61.24,15.18
PORTSMOUTH,-61.28,15.34
FORT DE FRANCE,-61.04,14.36
VIEUX FORT,-60.58,13.43
GRAND CUL DE SAC BAY,-61.01,13.59
CASTRIES,-61,14.01
KINGSTOWN,-61.14,13.09
ST GEORGE'S,-61.45,12.03
BRIDGETOWN,-59.38,13.06
SCARBOROUGH,-60.44,11.11
CHAGUARAMAS,-61.39,10.41
ANSE TEMBLADORA,-61.35,10.41
PORT OF SPAIN,-61.31,10.39
POINT LISAS PORT,-61.29,10.23
POINTE A PIERRE,-61.28,10.19
POINT LISAS INDUSTRIAL PORT,-61.3,10.24
BRIGHTON,-61.38,10.15
POINT FORTIN,-61.42,10.12
GALEOTA POINT TERMINAL,-60.59,10.08
KRALENDIJK,-68.17,12.09
GOTO OIL TERMINAL,-68.23,12.13
SALINA,-68.17,12.05
CARACASBAAI,-68.52,12.04
WILLEMSTAD,-68.56,12.07
BULLEN BAAI,-69.02,12.11
SINT MICHELSBAAI,-69.01,12.08
SINT NICOLAAS BAAI,-69.55,12.26
PAARDEN BAAI - (ORANJESTAD),-70.02,12.31
TURBO,-76.44,8.05
COVENAS,-75.41,9.25
COVENAS OFFSHORE TERM.,-75.44,9.3
MAMONAL,-75.31,10.19
EL BOSQUE,-75.32,10.24
CARTAGENA,-75.32,10.25
BARRANQUILLA,-74.46,10.58
PUERTO PRODECO,-74.13,11.09
POZOS COLORADOS,-74.15,11.09
SANTA MARTA,-74.13,11.15
PUERTO BOLIVAR,-71.58,12.15
MARACAIBO,-71.36,10.38
SAN LORENZO,-71.04,9.47
LA SALINA,-71.28,10.22
PUNTA DE PALMAS,-71.35,10.47
BAJO GRANDE,-71.38,10.31
PUERTO MIRANDA,-71.34,10.46
EL TABIAZO,-71.32,10.46
PUNTA CARDON,-70.14,11.38
LAS PIEDRAS,-70.13,11.42
AMUAY (BAHIA DE AMUAY),-70.14,11.45
PUERTO CUMAREBO,-69.21,11.29
PUERTO CHICHIRIVICHE,-68.16,10.55
EL PALITO,-68.07,10.29
VENTERMINALS,-68.02,10.29
PUERTO CABELLO,-68,10.29
PUERTO BORBURATA,-67.59,10.29
CATIA LA MAR,-67.01,10.36
LA GUAIRA,-66.56,10.37
JOSE TERMINAL,-64.51,10.06
PUERTO LA CRUZ,-64.38,10.15
GUANTA,-64.35,10.15
BAHIA DE PERTIGALETE,-64.34,10.14
CUMANA (PUERTO SUCRE),-64.11,10.28
EL GUAMACHE,-64.06,10.54
CARUPANO,-63.15,10.42
GUIRIA,-62.18,10.34
PUERTO DE HIERRO,-62.06,10.38
CARIPITO,-63.02,10.09
PALUA,-62.41,8.22
PUERTO ORDAZ,-62.43,8.21
CIUDAD BOLIVAR,-63.33,8.08
GEORGETOWN,-58.1,6.5
LINDEN,-58.18,6
NEW AMSTERDAM,-57.31,6.15
NIEUW NICKERIE,-57,5.57
PARAMARIBO,-55.1,5.5
PARANAM,-55.06,5.37
MOENGO,-54.25,5.38
DEGRAD DES CANNES,-52.16,4.51
PORTO SANTANA,-51.11,-0.03
BELEM,-48.3,-1.27
VILA DO CONDE,-48.45,-1.33
CAMETA,-49.3,-2.15
SANTAREM,-54.43,-2.25
ITACOATIARA,-58.27,-3.09
MANAUS,-60.01,-3.08
IQUITOS,-73.14,-3.45
ITAQUI,-44.22,-2.34
TUTOIA,-42.17,-2.47
CAMOCIM,-40.5,-2.54
PORTO DE MUCURIPE,-38.29,-3.43
GUAMARE OIL TERMINAL,-36.17,-4.52
NATAL,-35.12,-5.47
CABEDELO,-34.5,-6.58
RECIFE,-34.52,-8.03
PORTO DE SUAPE,-34.58,-8.24
PORTO DE MACEIO,-35.44,-9.4
PORT DE ARACAJU,-37.03,-10.55
PORT DE SALVADOR,-38.31,-12.58
ARATU,-38.3,-12.47
MADRE DE DEUS,-38.37,-12.45
PORT OF ILHEUS,-39.01,-14.47
PORTOCEL,-40.03,-19.51
VITORIA,-40.2,-20.19
TUBARAO,-40.15,-20.17
SANTA CLARA,-51.22,-20.53
MACAE,-41.46,-22.22
DTSE / GEGUA OIL TERMINAL,-43.09,-22.49
PORTO DO FORNO,-42.01,-22.58
RIO DE JANEIRO,-43.1,-22.54
NITEROI,-43.07,-22.53
GUAIBA ISLAND TERMINAL,-44.02,-23.01
ANGRA DOS REIS,-44.19,-23.01
GEBIG,-44.13,-23.03
SAO SEBASTIAO,-45.24,-23.48
SANTOS,-46.18,-23.57
PARANAGUA,-48.31,-25.3
SAO FRANCISCO,-48.38,-26.15
ITAJAI,-48.38,-26.55
IMBITUBA,-48.4,-28.14
LAGUNA,-48.47,-28.3
TRAMANDAI,-50.08,-29.59
RIO GRANDE,-52.05,-32.03
PELOTAS,-52.2,-31.47
PORTO ALEGRE,-51.14,-30.02
LA PALOMA,-54.09,-34.39
JOSE IGNACIO,-54.42,-34.57
MONTEVIDEO,-56.13,-34.54
PUERTO SAUCE,-57.27,-34.26
COLONIA,-57.51,-34.28
NUEVA PALMIRA,-58.25,-33.53
FRAY BENTOS,-58.19,-33.07
PAYSANDU,-58.04,-32.19
PUERTO DE ASUNCION,-57.41,-25.16
SANTA FE,-60.42,-31.39
PARANA,-60.32,-31.43
DIAMANTE,-60.39,-32.04
PUERTO SAN MARTIN,-60.44,-32.43
SAN LORENZO,-60.44,-32.45
ROSARIO,-60.38,-32.57
VILLA CONSTITUCION,-60.2,-33.14
SAN NICOLAS,-60.14,-33.2
RAMALLO,-60.01,-33.29
SAN PEDRO,-59.49,-33.35
PUERTO IBICUY,-59.11,-33.45
ZARATE,-59.02,-34.05
CAMPANA,-58.58,-34.09
CONCORDIA,-58.02,-31.24
COLON,-58.08,-32.13
CONCEPCION DEL URUGUAY,-58.14,-32.29
BUENOS AIRES,-58.22,-34.36
LA PLATA,-57.53,-34.5
MAR DEL PLATA,-57.32,-38.02
QUEQUEN,-58.42,-38.35
PUERTO ROSALES,-62.04,-38.56
PUERTO BELGRANO,-62.06,-38.53
BAHIA BLANCA,-62.16,-38.47
PUERTO INGENIERO WHITE,-62.16,-38.48
PUERTO NACIONAL,-62.17,-38.48
PUERTO GALVAN,-62.18,-38.47
SAN BLAS,-62.14,-40.34
PUERTO MADRYN,-65.02,-42.46
COMODORO RIVADAVIA,-67.28,-45.52
PUERTO DESEADO,-65.54,-47.45
PUERTO SAN JULIAN,-67.42,-49.19
PUERTO SANTA CRUZ,-68.31,-50.01
PUERTO GALLEGOS,-68.58,-51.37
SAN SEBASTIAN BAY,-68.3,-53.1
RIO GRANDE,-67.41,-53.47
USHUAIA,-68.18,-54.49
VILLA CONSTITUCION,-60.2,-33.18
STANLEY,-57.5,-51.42
PRINCE OLAV HARBOR,-37.09,-54.02
STROMNESS HARBOR,-36.42,-54.09
GRYTVIKEN,-36.3,-54.16
PUERTO WILLIAMS,-67.36,-54.56
PUNTA DELGADA,-69.33,-52.28
PUERTO SARA,-70.12,-52.38
CALETA CLARENCIA,-70.06,-52.54
RADA PUNTA ARENAS,-70.54,-53.1
BAHIA AGUA FRESCA,-70.58,-53.23
PORT SAN JUAN DE LA JUAN,-70.55,-53.38
BAHIA HARRIS,-70.27,-53.51
PUERTO YARTOU,-70.09,-53.53
CALETA MINA ELENA,-71.54,-52.41
PUERTO NATALES,-72.34,-51.43
PUERTO CHACABUCO,-72.5,-45.28
PUERTO CASTRO,-73.46,-42.29
PUERTO QUEMCHI,-73.29,-42.09
PUERTO MONTT,-72.58,-41.29
PUERTO DE CORRAL,-73.26,-39.52
BAHIA DE VALDIVIA,-73.15,-39.48
LOTA,-73.09,-37.06
CORONEL,-73.1,-37.02
BAHIA SAN VICENTE,-73.1,-36.44
TALCAHUANO,-73.06,-36.42
LIRQUEN,-72.59,-36.43
PENCO,-73,-36.43
PUERTO SAN ANTONIO,-71.37,-33.35
BAHIA DE VALPARAISO,-71.37,-33.02
BAHIA QUINTERO (VENTANAS),-71.32,-32.46
BAHIA HERRADURA GUAYACAN,-71.22,-29.58
COQUIMBO,-71.2,-29.57
HUASCO,-71.15,-28.28
PUERTO CALDERA,-70.5,-27.03
PUERTO CALDERILLA,-70.52,-27.05
PUERTO CHANARAL,-70.39,-26.21
TALTAL,-70.29,-25.24
ANTOFAGASTA,-70.25,-23.39
MEJILLONES,-70.28,-23.06
CALETA PATILLOS,-70.12,-20.44
TOCOPILLA,-70.14,-22.05
IQUIQUE,-70.1,-20.12
RADA DE ARICA,-70.2,-18.28
PUERTO ILO,-71.22,-17.38
BAHIA DE MATARANI,-72.07,-17
BAHIA SAN NICOLAS,-75.14,-15.15
CONCHAN OIL TERMINAL,-77,-12.1
PUERTO DEL CALLAO,-77.09,-12.03
LA PAMPILLA OIL TERMINAL,-77.08,-11.56
BAHIA DE ANCON,-77.11,-11.45
CHANCAY,-77.15,-11.35
PUERTO DE HUACHO,-77.37,-11.07
PUERTO SUPE,-77.45,-10.48
PUNTA LOBITOS (BAHIA DE HUARMEY),-78.1,-10.06
PUERTO DE CHIMBOTE,-78.37,-9.05
SALAVERRY,-78.59,-8.14
PIMENTAL,-79.56,-6.5
PUERTO BAYOVAR,-81.03,-5.5
PAITA,-81.07,-5.05
TALARA,-81.17,-4.35
CALETA LOBITOS,-81.17,-4.27
PUERTO CABO BLANCO,-81.14,-4.15
PUERTO BOLIVAR,-80,-3.16
GUAYAQUIL,-79.53,-2.12
PUERTO MARITIMO DE GUAYAQUIL,-79.54,-2.17
LA LIBERTAD,-80.55,-2.13
MANTA,-80.43,-0.57
ESMERALDAS,-79.39,1
TUMACO,-78.45,1.49
BUENAVENTURA,-77.04,3.53
BALBOA,-79.34,8.57
VACAMONTE,-79.4,8.52
CHARCO AZUL,-82.52,8.13
PEDREGAL,-82.26,8.21
PUERTO ARMUELLES,-82.51,8.16
GOLFITO,-83.1,8.38
PUERTO QUEPOS,-84.1,9.26
PUERTO CALDERA,-84.43,9.55
PUNTARENAS,-84.5,9.59
PUERTO SANDINO,-86.46,12.11
CORINTO,-87.1,12.29
PUERTO DE HENCAN,-87.27,13.24
LA UNION,-87.5,13.2
ACAJUTLA,-89.5,13.35
ACAJUTLA OFFSHORE TERMINAL,-89.52,13.35
PUERTO QUETZAL,-90.48,13.55
PUERTO MADERO,-92.27,14.42
SALINA CRUZ,-95.12,16.1
ACAPULCO,-99.56,16.51
LAZARO CARDENAS,-102.1,17.56
MANZANILLO,-104.19,19.03
PUERTO VALLARTA,-105.16,20.37
MAZATLAN,-106.25,23.12
TOPOLOBAMPO,-109.04,25.36
GUAYMAS,-110.55,27.55
SANTA ROSALIA,-112.17,27.2
ISLA SAN MARCOS,-112.06,27.11
SAN JUAN DE LA COSTA,-110.42,24.24
PICHILINGUE,-110.2,24.16
LA PAZ,-110.19,24.1
PUERTO MORRO REDONDO,-115.11,28.03
ENSENADA,-116.38,31.52
ROSARITO,-117.06,32.22
SAN DIEGO,-117.11,32.43
WILSON COVE,-118.33,33
ISTHMUS COVE,-118.3,33.27
AVALON,-118.19,33.21
NEWPORT BEACH,-117.54,33.37
LONG BEACH,-118.11,33.46
LOS ANGELES,-118.15,33.45
EL SEGUNDO,-118.26,33.55
PORT HUENEME,-119.12,34.09
PRISONERS,-119.41,34.01
VENTURA,-119.17,34.17
CARPINTERIA,-119.31,34.23
SANTA BARBARA,-119.41,34.25
ELLWOOD,-119.55,34.26
GAVIOTA,-120.12,34.28
PISMO BEACH,-120.39,35.08
PORT SAN LUIS,-120.45,35.1
MORRO BAY,-120.51,35.22
MONTEREY,-121.53,36.37
MOSS LANDING,-121.47,36.48
SANTA CRUZ,-122.01,36.58
DAVENPORT,-122.12,37.01
PRINCETOWN,-122.29,37.3
SAN FRANCISCO,-122.25,37.49
YERBABUENA ISLAND,-122.22,37.49
REDWOOD CITY,-122.12,37.32
ALAMEDA,-122.16,37.47
OAKLAND,-122.2,37.49
BERKELEY,-122.18,37.52
POINT RICHMOND,-122.22,37.55
POINT SAN PABLO,-122.26,37.58
SAUSALITO,-122.29,37.51
PINOLE POINT,-122.22,38.01
OLEUM,-122.16,38.03
MARE ISLAND,-122.16,38.06
SOUTH VALLEJO,-122.15,38.05
CROCKETT,-122.13,38.03
PORT COSTA,-122.11,38.03
BENICIA,-122.09,38.03
MARTINEZ,-122.08,38.02
PITTSBURG,-121.53,38.02
ANTIOCH,-121.48,38.01
STOCKTON,-121.18,37.57
RIO VISTA,-121.42,38.09
ISLETON,-121.36,38.1
WALNUT GROVE,-121.31,38.14
COURTLAND,-121.34,38.2
SACRAMENTO,-121.3,38.35
BODEGA BAY,-123.03,38.2
FORT BRAGG,-123.49,39.27
FIELDS LANDING,-124.13,40.43
EUREKA,-124.11,40.48
SAMOA,-124.11,40.49
CRESCENT CITY,-124.12,41.45
PORT ORFORD,-124.3,42.44
BANDON,-124.25,43.07
PROSPER,-124.22,43.09
EMPIRE,-124.17,43.24
NORTH BEND,-124.13,43.24
COOS BAY,-124.13,43.22
WINCHESTER BAY,-124.11,43.41
GARDINER,-124.06,43.43
REEDSPORT,-124.06,43.42
FLORENCE,-124.07,43.58
GLENADA,-124.07,43.58
CUSHMAN,-124.04,43.59
WALDPORT,-124.04,44.26
NEWPORT,-124.03,44.38
TOLEDO,-123.56,44.37
DEPOE BAY,-124.04,44.48
ILWACO,-124.03,46.18
WARRENTON,-123.55,46.1
ASTORIA,-123.5,46.12
TONGUE POINT,-123.45,46.12
WESTPORT,-123.23,46.08
RAINIER,-122.56,46.05
LONGVIEW,-122.56,46.08
KALAMA,-122.51,46.01
ST HELENS,-122.48,45.52
PORTLAND,-122.4,45.31
VANCOUVER,-122.41,45.38
CAMAS,-122.24,45.35
WASHOUGAL,-122.21,45.35
THE DALLES,-121.11,45.36
NAHCOTTA,-124.02,46.3
SOUTH BEND,-123.47,46.4
RAYMOND,-123.44,46.41
WILLAPA HARBOR,-123.45,46.41
WESTHAVEN COVE,-124.07,46.55
BAY CITY,-124.04,46.52
ABERDEEN,-123.49,46.59
HOQUIAM,-123.54,46.58
LA PUSH,-124.38,47.54
NEAH BAY,-124.37,48.22
SEKIU,-124.18,48.16
PORT ANGELES,-123.26,48.07
PORT TOWNSEND,-122.45,48.07
GLEN COVE,-122.47,48.05
HOODSPORT,-123.08,47.25
PORT GAMBLE,-122.35,47.51
POULSBO,-122.39,47.44
KEYPORT,-122.37,47.42
WINSLOW,-122.31,47.37
CREOSOTE,-122.3,47.37
FORT WARD,-122.31,47.35
EAST BREMERTON,-122.37,47.34
SILVERDALE,-122.42,47.39
BREMERTON,-122.39,47.34
PORT ORCHARD,-122.38,47.32
QUARTERMASTER HARBOR,-122.28,47.23
SHELTON,-123.06,47.13
OLYMPIA,-122.54,47.03
NISQUALLY HEAD,-122.45,47.07
TACOMA,-122.25,47.17
SEATTLE,-122.2,47.36
POINT WELLS,-122.24,47.47
EDWARDS POINT,-122.24,47.48
MUKILTEO,-122.18,47.57
EVERETT,-122.13,48
COUPEVILLE,-122.41,48.14
RICHARDSON,-122.54,48.27
FRIDAY HARBOR,-123.01,48.32
ROCHE  HARBOR,-123.1,48.37
ORCAS,-122.56,48.36
ANACORTES,-122.37,48.31
BELLINGHAM,-122.3,48.45
CHERRY POINT,-122.45,48.52
SEMIAHMOO,-122.46,48.59
BLAINE,-122.45,49
STEVESTON,-123.11,49.08
NEW WESTMINSTER,-122.55,49.12
FRASER MILLS,-122.52,49.13
PORT COQUITLAM,-122.47,49.16
MISSION CITY,-122.15,49.07
VANCOUVER,-123.07,49.17
PORT MOODY,-122.53,49.17
SQUAMISH,-123.09,49.41
PORT MELLON,-123.29,49.31
WESTVIEW,-124.31,49.5
POWELL RIVER,-124.32,49.52
DUNCAN BAY,-125.17,50.04
CAMPBELL RIVER,-124.14,50.01
COMOX HARBOR,-124.55,49.4
NANOOSE HARBOR,-124.09,49.16
NANAIMO,-123.56,49.1
HARMAC,-123.51,49.08
CHEMAINUS,-123.43,48.56
CROFTON,-123.38,48.52
COWICHAN BAY,-123.37,48.45
GANGES,-123.29,48.51
LYALL HARBOR,-123.12,48.48
HOPE BAY,-123.17,48.48
SIDNEY,-123.23,48.39
BAMBERTON,-123.31,48.33
VICTORIA HARBOR,-123.23,48.26
ESQUIMALT HARBOR,-123.26,48.26
PORT SAN JUAN,-124.26,48.33
PORT ALBERNI,-124.49,49.14
UCLUELET,-125.33,48.57
CLAYOQUOT,-125.55,49.09
AHOUSAT,-126.04,49.17
GOLD RIVER,-126.07,49.41
TAHSIS,-126.4,49.55
BERGH COVE,-127.37,50.32
PORT ALICE,-127.27,50.23
COAL HARBOR,-127.35,50.36
PORT HARDY,-127.29,50.43
SOINTULA,-127.01,50.38
ALERT BAY,-126.56,50.35
PORT MCNEILL,-127.05,50.35
BELLA COOLA,-126.48,52.22
BELLA BELLA,-128.09,52.1
KLEMTU,-128.31,52.36
BUTEDALE,-128.41,53.1
KEMANO BAY,-128.08,53.29
KITIMAT,-128.41,54
PORPOISE HARBOR,-130.17,54.13
PRINCE RUPERT,-130.2,54.19
PORT SIMPSON,-130.26,54.34
STEWART,-130,55.56
MASSET HARBOR,-132.09,54.01
PORT CLEMENTS,-132.11,53.41
QUEEN CHARLOTTE,-132.05,53.15
ALLIFORD BAY,-131.59,53.13
HYDER,-130,55.55
HIDDEN INLET,-130.2,54.57
METLAKATLA,-131.34,55.08
GEORGE INLET,-131.28,55.23
KETCHIKAN,-131.39,55.2
WARD COVE,-131.44,55.24
KNUDSON COVE,-131.48,55.28
LORING,-131.38,55.36
YES BAY,-131.48,55.55
UNION BAY,-132.13,55.46
BURNETT INLET,-132.28,56.04
WRANGELL,-132.23,56.28
KASAAN,-132.24,55.32
ROSE INLET,-132.58,54.57
HYDABURG,-132.5,55.12
WATERFALL,-133.14,55.18
CRAIG,-133.09,55.28
KLAWOCK,-133.06,55.33
STEAMBOAT BAY,-133.38,55.32
FISHERMANS HARBOR,-133.48,55.58
PETERSBURG,-132.57,56.49
KAKE,-133.56,56.58
WASHINGTON BAY,-134.21,56.44
BAY OF PILLARS,-134.14,56.36
BIG PORT WALTER,-134.44,56.23
LITTLE PORT WALTER,-134.38,56.23
PORT ARMSTRONG,-134.4,56.18
PORT CONCLUSION,-134.41,56.15
PORT ALEXANDER,-134.39,56.15
SITKA,-135.2,57.03
KIMSHAN COVE,-136.07,57.41
PELICAN,-136.14,57.58
ELFIN COVE,-136.21,58.12
HOONAH,-135.27,58.07
TENAKEE SPRINGS,-135.12,57.47
CHATHAM,-134.56,57.31
TODD,-135.03,57.28
HOOD BAY,-134.3,57.24
HAWK INLET,-134.45,58.07
FUNTER,-134.54,58.15
DUPONT,-134.16,58.14
JUNEAU,-134.25,58.18
PORT CHILKOOT,-135.26,59.14
HAINES,-135.26,59.14
TANANI POINT,-135.27,59.17
SKAGWAY,-135.2,59.27
LETNIKOF COVE,-135.24,59.11
EXCURSION INLET,-135.27,58.25
YAKUTAT,-139.44,59.33
KATALLA,-144.32,60.12
ORCA,-145.43,60.35
CORDOVA,-145.46,60.33
SHEPARD POINT,-145.4,60.38
SWANPORT,-146.24,61.05
VALDEZ,-146.15,61.07
WHITTIER,-148.4,60.5
CRAB BAY,-148,60.04
PORT ASHTON,-148.03,60.04
SAN JUAN CANNERY,-148.04,60.03
LATOUCHE,-148.04,60.03
SEWARD,-149.26,60.06
PORT GRAHAM,-151.49,59.21
SELDOVIA,-151.44,59.26
HOMER,-151.25,59.36
COAL POINT,-151.25,59.36
NINILCHIK,-151.41,60.03
KENAI,-151.16,60.33
NIKISKI,-151.24,60.41
ANCHORAGE,-149.54,61.13
DRIFT RIVER,-152.08,60.33
SNUG HARBOR,-152.35,60.06
OUZINKIE,-152.3,57.55
KODIAK,-152.24,57.47
WOMENS BAY,-152.31,57.43
PORT HOBRON,-153.1,57.1
MCCORD,-153.12,57.09
THREE SAINTS BAY,-153.3,57.07
TRAP POINT,-154.09,57
LAZY BAY,-154.15,56.54
KARLUK,-154.27,57.34
UYAK,-154,57.38
LARSEN BAY,-153.59,57.32
PORT OBRIEN,-153.19,57.44
DRY SPRUCE BAY,-153.02,57.56
PORT VITA,-153.04,58.04
BEAR ISLAND,-152.41,58.27
HOGG ISLAND,-152.41,58.28
PORT WILLIAM,-152.35,58.29
KANATAK,-156.02,57.34
CHIGNIK,-158.24,56.18
IVANOF BAY,-159.28,55.48
SAND POINT,-160.32,55.2
BARALOF BAY,-160.32,55.14
UNGA,-160.3,55.11
BELKOFSKI,-162.02,55.05
KING COVE,-162.19,55.03
COLD BAY,-162.42,55.12
SANAK,-162.49,54.29
AKUTAN HARBOR,-165.48,54.08
CANNERY BAY,-166.45,53.42
MAKUSHIN,-166.59,53.46
DUTCH HARBOR,-166.32,53.54
UNALASKA,-166.32,53.52
PALISADES POINT,-174.1,52.14
ADAK NAVAL AIR STATION,-176.38,51.52
CONSTANTINE HARBOR,179.18,51.24
KISKA,177.33,51.58
ALCAN HARBOR,174.04,52.44
SKOOT COVE,174.04,52.43
MASSACRE BAY,173.14,52.5
VILLAGE COVE,-170.16,57.08
PORT MOLLER,-160.34,55.59
PORT HEIDEN,-158.42,56.53
PILOT POINT,-157.36,57.34
UGASHIK,-157.25,57.32
EGEGIK,-157.22,58.12
NAKNEK,-157.01,58.43
KOGGIUNG,-156.55,58.58
EKUK,-158.34,58.49
CLARKS POINT,-158.33,58.51
DILLINGHAM,-158.29,59.02
PLATINUM,-161.5,59.01
BETHEL,-161.43,60.49
NASH HARBOR,-166.59,60.12
KWIGUK,-164.28,62.44
KOTLIK,-163.33,63.02
HAMILTON,-163.55,62.54
ST MICHAEL,-162.02,63.29
UNALAKLEET,-160.47,63.53
SOLOMON,-164.24,64.33
NOME,-165.25,64.3
GRANTLEY HARBOR,-166.2,65.16
SAVOONGA,-170.24,63.41
SHISHMAREF,-166.05,66.15
DEERING,-162.44,66.05
KOTZEBUE,-162.35,66.55
WAINWRIGHT,-160,70.39
BARROW,-156.47,71.17
PRUDHOE BAY,-148.25,70.2
BERNARD HARBOR,-143.38,70.08
TUKTOYAKTUK,-133,69.27
POLICE POINT,-124.45,70.11
PAULATUK,-124.05,69.21
PEARCE POINT,-122.45,69.49
TYSOE POINT,-120.45,69.36
SACHS HARBOR,-125.15,71.58
CAPE YOUNG,-116.56,68.56
BERNARD HARBOR,-114.46,68.47
LADY FRANKLIN POINT,-113.16,68.29
COPPERMINE,-115.03,67.48
CAMBRIDGE BAY,-105.04,69.07
RESOLUTE BAY,-95.54,74.41
BARENTSBURG,14.14,78.04
LONGYEARBYEN,15.42,78.12
NY ALESUND,11.57,78.55
KIRKENES,30.03,69.44
VADSO,29.45,70.04
BATSFJORDEN,29.44,70.38
VARDO,31.07,70.22
BERLEVAG,29.06,70.52
KJOLLEFJORDEN,27.2,70.57
HONNINGSVAG,26,70.59
KVALSUND,23.59,70.3
HAMMERFEST,23.4,70.4
SORVAER,21.59,70.38
BREDVIK,22.08,70.35
OKSFJORD,22.21,70.14
ALTA,23.15,69.58
TALVIK,22.58,70.03
TROMSO,18.58,69.39
GIBOSTAD,18.05,69.21
FINNSNES,17.58,69.14
MEDBY,17.44,68.55
SJOVEGAN,17.5,68.53
HARSTAD,16.33,68.48
ANDENES,16.08,69.2
SORTLAND,15.25,68.42
STOKKMARKNES,14.55,68.34
REINE,13.06,67.56
BALLSTAD,13.42,68.04
STAMSUND,13.51,68.07
HENNINGSVAER,14.13,68.09
SVOLVAER,14.35,68.14
SKROVA HAVN,14.4,68.1
BRETTESNES,14.51,68.14
LODINGEN,16,68.25
ULVIK,16.16,68.34
LILANDSGRUNNEN,16.53,68.29
NARVIK,17.25,68.26
LITLE BALLANGEN,16.51,68.2
DRAG,16.05,68.03
KORSNES,16.04,68.15
TRANOY,15.4,68.11
KJERRINGOY,14.46,67.31
BODO,14.23,67.17
LAKSELV,15.36,67.22
FAUSKE,15.22,67.15
ROGNAN,15.25,67.06
ORNES,13.43,66.52
GLOMFJORD,13.59,66.49
SANDNESSJOEN,12.38,66.01
MO INLET,14.08,66.19
HEMNESBERGET,13.37,66.14
MOSJOEN,13.12,65.5
TJOTTA,12.26,65.5
BRONNOYSUND,12.12,65.28
BERG,12.12,65.22
RORVIK,11.15,64.52
SALSBRUKET,11.52,64.48
NAMSOS,11.3,64.28
MALM,11.14,64.04
STEINKJER,11.3,64.01
DJUPVIKEN,11.27,63.47
LEVANGER,11.18,63.45
LANGSTEIN,10.54,63.32
MURUVIK,10.51,63.26
HOMMELVIK,10.48,63.25
TRONDHEIM,10.24,63.26
THAMSHAMM,9.53,63.19
KRISTIANSUND,7.44,63.07
SUNNDALSORA,8.33,62.41
BUD,6.55,62.54
HAROYSUND,6.58,62.54
MOLDE,7.1,62.44
ANDALSNES,7.41,62.34
HAREID,6.02,62.22
MOLDTUSTRANDA,5.39,62.18
ORSTAV,6.08,62.12
ALESUND,6.1,62.28
MALOY,5.07,61.56
FLORO,5.02,61.36
ARDALSTANGEN,7.43,61.14
MONGSTAD,5.02,60.49
STURA,4.51,60.37
VAKSDAL,5.44,60.29
BERGEN,5.19,60.24
BRATTHOLMEN,5.1,60.21
TRANNESET,5.01,60.25
STRANDVIK,5.4,60.1
NORHEIMSUND,6.09,60.22
ODDA,6.33,60.05
MELING,5.07,59.47
MOSTERHAMN,5.24,59.42
SAGVAG,5.23,59.46
LEIRVIK,5.3,59.47
HUSNES,5.46,59.52
HAUGESUND,5.16,59.25
KOPERVIK,5.19,59.17
KARSTO,5.31,59.16
ESPEVAER,5.09,59.35
SAUDA,6.21,59.39
AKRAHAMN,5.11,59.16
SANDNES,5.45,58.51
STAVANGER,5.45,58.58
SKUDENESHAVN,5.16,59.09
TANANGER,5.35,58.56
EGERSUND,6,58.27
REKEFJORD,6.16,58.2
KIRKEHAMN,6.32,58.14
FLEKKEFJORDEN,6.4,58.18
FARSUND,6.49,58.05
STUSVIK,7.02,58
MANDAL,7.28,58.01
KRISTIANSAND,8,58.09
ARENDAL,8.46,58.28
TVEDESTRAND,8.56,58.37
RISOR,9.14,58.43
KRAGERO,9.25,58.52
BREVIK,9.42,59.04
PORSGRUNN,9.4,59.09
SKIEN,9.36,59.12
LARVIK,10.02,59.03
SANDEFJORDEN,10.14,59.07
TONSBERG,10.25,59.17
VALLOY,10.3,59.16
SLAGENSTANGEN,10.31,59.19
HORTEN,10.3,59.25
HOLMESTRAND,10.18,59.29
SVELVIK,10.24,59.37
DRAMMEN,10.15,59.44
STORSTEILENE,10.36,59.49
OSLO,10.45,59.55
FAGERSTRAND,10.36,59.44
DROBAK,10.39,59.4
TOFTE,10.34,59.33
KAMBO,10.41,59.28
MOSS,10.4,59.27
SARPSBORG,11.06,59.16
FREDRIKSTAD,10.57,59.12
HALDEN,11.23,59.07
STROMSTAD,11.1,58.56
GREBBESTAD,11.16,58.41
FJALLBACKA,11.17,58.36
BOVALLSTRAND,11.2,58.29
HUNNEBOSTRAND,11.18,58.26
BROFJORDEN,11.25,58.23
LYSEKIL,11.26,58.16
UDDEVALLA,11.55,58.21
STENUNGSUND,11.5,58.04
MARSTRAND,11.35,57.53
GOTEBORG,11.58,57.42
VARBERG,12.15,57.07
FALKENBERG,12.3,56.54
HALMSTAD,12.52,56.4
HOGANAS,12.33,56.12
HELSINGBORG,12.42,56.03
LANDSKRONA,12.5,55.52
MALMO,13,55.37
LIMHAMN,12.56,55.35
TRELLEBORG,13.09,55.22
YSTAD,13.5,55.26
SIMRISHAMN,14.22,55.33
AHUS,14.19,55.56
SOLVESBORG,14.35,56.03
KARLSHAMN,14.52,56.1
RONNEBY,15.18,56.11
KARLSKRONA,15.36,56.1
BERGKVARA,16.06,56.23
KALMAR,16.22,56.4
STORA JATTERSON,16.34,57.06
OSKARSHAMN,16.27,57.16
FIGEHOLM,16.3,57.22
DEGERHAMN,16.25,56.21
RONEHAMN,18.3,57.07
SLITE,18.49,57.42
FAROSUND,19.03,57.55
STORUGNS,18.48,57.5
VISBY,18.17,57.38
KLINTEHAMN,18.12,57.23
VERKEBACK,16.32,57.44
VASTERVIK,16.39,57.46
NORRKOPING,16.12,58.35
OXELOSUND,17.07,58.4
NYKOPING,17.01,58.45
SODERTALJE,17.39,59.11
NYNASHAMN,17.58,58.54
GUSTAVSBERG,18.23,59.19
SANDHAMN,18.55,59.17
STOCKHOLM,18.03,59.2
VASTERAS,16.33,59.37
GRISSLEHAMN,18.49,60.06
HALLSTAVIK,18.35,60.03
HARGSHAMN,18.27,60.11
SKUTSKAR,17.24,60.39
KARSKAR,17.16,60.41
GAVLE,17.1,60.41
NORRSUNDET,17.1,60.56
VALLVIK,17.1,61.11
SANDARNE,17.11,61.16
SODERHAMN,17.05,61.18
IGGESUND,17.05,61.39
HUDIKSVALL,17.07,61.44
STOCKA,17.21,61.54
STOCKVIK,17.23,62.2
SUNDSVALL,17.21,62.23
VIVSTAVARV,17.21,62.29
SORAKER,17.3,62.3
HARNOSAND,17.56,62.38
ULVVIK,17.52,62.4
UTANSJO,17.56,62.46
GUSTAVSVIK,17.53,62.5
LUNDE,17.53,62.53
KRAMFORS,17.48,62.56
VAJA,17.43,62.59
BOLLSTABRUK,17.42,63
KOPMANHOLMEN,18.35,63.1
DOMSJO,18.44,63.16
ORNSKOLDSVIK,18.43,63.17
HUSUM,19.09,63.2
RUNDVIK,19.27,63.32
NORDMALING,19.29,63.34
OBBOLA,20.2,63.42
UMEA HAMN,20.21,63.42
GUMBODAHAMN,21.06,64.14
SKELLEFTEHAMN,21.14,64.41
KAGEHAMN,21.02,64.5
BRANNFORS,21.23,65.01
PITEA,21.29,65.19
LULEA,22.1,65.35
TOREHAMN,22.39,65.54
KARLSBORG,23.17,65.48
SANDVIK,23.46,65.44
TORINA,24.1,65.46
KEMI,24.34,65.44
OULU,25.24,65.01
RAAHE,24.25,64.41
VEITSILUOTO,24.37,65.42
RAHJA,23.44,64.12
HIMANKA,23.39,64
KOKKOLA,23.01,63.51
JAKOBSTAD,22.4,63.41
NYKARLEBY,22.32,63.31
KANTLAX,22.17,63.25
HELLNAS,22.14,63.17
VAASA,21.35,63.06
KASKINEN,21.14,62.23
KRISTINESTAD,21.24,62.17
PORI,21.48,61.29
MANTYLUOTO,21.29,61.36
TAHKOLUOTO,21.24,61.38
RAUMA,21.3,61.08
UUSIKAUPUNKI,21.24,60.48
NAANTALI,22.01,60.28
TURKU,22.14,60.27
TOLKKINEN,25.35,60.02
SIGNILSKAR,19.2,60.12
MARIEHAMN,19.55,60.06
PARGAS,22.04,60.17
HANKO,22.57,59.49
EKENAS,23.26,59.59
JUSSARO,23.34,59.5
PORKKALA,24.23,60.05
INKOO,23.55,60.01
HELSINKI,24.58,60.1
PORVOO,25.38,60.18
LOVIISA,26.14,60.27
KOTKA,26.58,60.28
HAMINA,27.12,60.34
VYBORG,28.45,60.43
GAVAN VYSOTSK,28.34,60.37
PRIMORSK,28.38,60.22
SANKT-PETERBURG,30.18,59.56
LOMONOSOV,29.46,59.55
KRONSHTADT,29.47,59.59
REKA LUGA,28.19,59.4
KUNDA,26.32,59.32
TALLINN,24.46,59.27
MUUGA-PORT OF TALLIN,24.57,59.3
PALDISKI,24.02,59.21
OSMUSSAAR,23.22,59.18
PARNU,24.3,58.23
SALACGRIVA,24.22,57.42
RIGA,24.06,56.57
LIELUPE,23.26,57
VENTSPILS,21.32,57.24
LIEPAJA,21.01,56.31
BUTINGE OIL TERMINAL,20.57,56.02
KLAIPEDA,21.07,55.43
BALTIYSK,19.54,54.38
KALININGRAD,20.29,54.42
GDANSK,18.4,54.21
PORT POLNOCHNY,18.43,54.24
NOWY PORT,18.4,54.25
GDYNIA,18.33,54.32
POLICE,14.34,53.34
USTKA,16.51,54.35
DARLOWO,16.25,54.26
KOLOBRZEG,15.33,54.13
SWINOUJSCIE,14.16,53.55
SZCZECIN,14.33,53.25
WOLGAST,13.47,54.03
SASSNITZ,13.39,54.31
STRALSUND,13.06,54.19
ROSTOCK,12.08,54.06
WISMAR,11.28,53.54
LUBECK-TRAVEMUNDE,10.53,53.58
LUBECK,10.42,53.53
NEUSTADT,10.49,54.06
ORTH,11.03,54.27
HEILIGENHAFEN,10.59,54.22
KIEL,10.08,54.19
ECKERNFORDE,9.5,54.29
KAPPELN,9.56,54.4
FLENSBURG,9.26,54.48
NEKSO,15.08,55.04
RONNE,14.42,55.06
HASLE,14.42,55.11
CHRISTIANSO HARBOR,15.11,55.19
FAKSE LADEPLADS HAVN,12.1,55.13
KOGE,12.12,55.27
KOBENHAVN,12.37,55.42
TUBORG,12.35,55.43
HELSINGOR,12.37,56.02
HUNDESTED,11.51,55.58
FREDERIKSVAERK,12.01,55.58
FREDERIKSSUND,12.03,55.5
KYNDBYVAERKETS HAVN,11.53,55.49
HOLBAEK,11.43,55.43
NYKOBING (MOR),11.52,56.46
KALUNDBORG,11.06,55.41
KORSOR,11.08,55.2
SKAELSKOR,11.18,55.15
STIGSNAESVAERKET,11.15,55.12
GULFHAVEN,11.16,55.12
NAESTVED,11.45,55.14
VORDINGBORG,11.54,55
STUBBEKOBING,12.03,54.53
STEGE,12.17,54.59
NYKOBING (FALSTER),11.52,54.46
SAKSKOBING,11.38,54.48
BANDHOLM,11.3,54.5
NAKSKOV,11.08,54.5
RODBY HAVN,11.21,54.39
NYSTED,11.44,54.4
RUDKOBING,10.43,54.57
MARSTAL,10.2,54.55
AEROSKOBING,10.25,54.53
SVENDBORG,10.37,55.04
NYBORG,10.48,55.19
KERTEMINDE,10.4,55.27
ODENSE,10.23,55.25
SKAERBAEK,9.37,55.31
MIDDELFART,9.44,55.3
ASSENS,9.53,55.16
FABORG,10.15,55.06
SONDERBORG,9.47,54.55
AUGUSTENBORG,9.52,54.57
ABENRA,9.26,55.03
ENSTED,9.26,55.01
HADERSLEV,9.3,55.15
KOLDING,9.3,55.29
FREDERICIA,9.46,55.34
VEJLE,9.33,55.43
HORSENS,9.51,55.52
ARHUS,10.13,56.09
STUDSTRUP,10.21,56.15
GRENAA HAVN,10.56,56.25
RANDERS,10.03,56.28
HADSUND,10.07,56.43
MARIAGER,9.59,56.39
HOBRO,9.48,56.38
HALS,10.19,56.59
ALBORG,9.56,57.03
FREDERIKSHAVN,10.33,57.26
SKAGEN HAVN,10.36,57.43
HIRTSHALS,9.58,57.36
HANSTHOLM,8.36,57.08
THISTED,8.42,56.57
THYBORON,8.13,56.42
LEMVIG,8.17,56.35
HOLSTEBRO-STUER,8.35,56.3
RINGKOBING,8.15,56.05
ESBJERG,8.27,55.28
HUSUM,9.03,54.29
BUSUM,8.52,54.08
BRUNSBUTTEL ELBAHAFEN,9.1,53.53
BRUNSBUTTEL CANAL TERMINALS,9.09,53.54
ITZEHOE,9.31,53.55
RENDSBURG,9.41,54.18
NEUHAUS,9.02,53.48
GLUCKSTADT,9.25,53.47
HAMBURG,9.56,53.33
BUTZFLETH,9.31,53.39
CUXHAVEN,8.43,53.52
BREMERHAVEN,8.35,53.32
NORDENHAM,8.29,53.29
BRAKE,8.29,53.2
ELSFLETH,8.28,53.14
OLDENBURG,8.13,53.07
BREMEN,8.46,53.08
WILHELMSHAVEN,8.1,53.32
EMDEN,7.11,53.2
LEER,7.27,53.14
PAPENBURG,7.23,53.06
EEMSHAVEN,6.5,53.27
DELFZIJL,6.56,53.2
HARLINGEN,5.25,53.11
DEN HELDER,4.47,52.58
IJMUIDEN,4.35,52.28
ZAANDAM,4.5,52.26
AMSTERDAM,4.54,52.22
SCHEVENINGEN,4.16,52.06
HOEK VAN HOLLAND,4.08,51.57
EUROPOORT,4.07,51.57
MAASSLUIS,4.15,51.55
VLAARDINGEN,4.21,51.54
SCHIEDAM,4.24,51.54
ROTTERDAM,4.29,51.54
DORDRECHT,4.39,51.49
VLISSINGEN,3.36,51.27
HANSWEERT,4,51.27
TERNEUZEN,3.49,51.21
ANTWERPEN,4.24,51.13
BRUXELLES,4.21,50.52
GHENT,3.44,51.04
ZEEBRUGGE,3.12,51.2
BRUGES,3.13,51.14
OOSTENDE,2.55,51.14
NIEUWPOORT,2.45,51.08
WHITSTABLE,1.02,51.22
SHEERNESS,0.45,51.27
ISLE OF GRAIN,0.42,51.26
THAMESPORT,0.42,51.26
CHATHAM DOCKS,0.33,51.24
GRAVESEND,0.22,51.27
TILBURY,0.2,51.28
LONDON,-0.05,51.3
COLCHESTER,0.55,51.53
HARWICH,1.17,51.57
IPSWICH,1.1,52.03
FELIXSTOWE,1.19,51.57
LOWESTOFT,1.45,52.29
GREAT YARMOUTH,1.44,52.37
WISBECH,0.09,52.4
KING'S LYNN,0.24,52.45
BOSTON,-0.01,52.58
GRIMSBY,-0.04,53.35
IMMINGHAM,-0.12,53.38
KINGSTON UPON HULL,-0.17,53.45
HOWDENDYKE,-0.53,53.44
NEW HOLLAND,-0.22,53.42
GOOLE,-0.5,53.42
BRIDLINGTON,-0.11,54.05
SCARBOROUGH,-0.24,54.17
WHITBY,-0.37,54.29
TEESPORT,-1.08,54.39
HARTLEPOOL,-1.11,54.42
SEAHAM,-1.19,54.5
SUNDERLAND,-1.22,54.55
TYNEMOUTH,-1.24,55
BLYTH,-1.3,55.07
WARKWORTH HARBOUR,-1.35,55.2
BERWICK-UPON-TWEED,-2,55.46
EYEMOUTH,-2.05,55.52
DUNBAR,-2.31,56
BIRD PORT,-2.58,51.34
LEITH,-3.11,55.59
GRANTON,-3.13,55.59
BRAEFOOT BAY TERMINAL,-3.19,56.02
HOUND POINT TERMINAL,-3.22,56
ROSYTH,-3.26,56.01
GRANGEMOUTH,-3.43,56.01
BURNTISLAND,-3.14,56.03
METHIL,-3,56.11
DUNDEE,-2.57,56.28
PERTH,-3.27,56.24
MONTROSE,-2.28,56.42
ABERDEEN,-2.05,57.09
PETERHEAD,-1.47,57.3
FRASERBURGH HARBOR,-2,57.41
MACDUFF,-2.3,57.4
BUCKIE HARBOR,-2.58,57.41
LOSSIEMOUTH,-3.17,57.43
BURGHEAD,-3.3,57.42
INVERNESS,-4.14,57.29
CROMARTY,-4.02,57.41
INVERGORDON,-4.1,57.41
PORTMAHOMACK HARBOR,-3.5,57.5
HELMSDALE HARBOR,-3.39,58.07
WICK,-3.05,58.26
PIEROWALL,-2.59,59.18
KETTLETOFT,-2.36,59.14
WHITEHALL,-2.36,59.08
KIRKWALL,-2.58,58.59
STROMNESS,-3.18,58.58
SOUTH NESS,-3.12,58.48
ST MARGARETS HOPE,-2.57,58.5
LYNESS,-3.12,58.5
SCAPA BAY,-2.59,58.57
SCALLOWAY,-1.17,60.08
LERWICK,-1.09,60.09
SULLOM VOE,-1.18,60.28
VAGUR,-6.48,61.29
TVOROYRI,-6.48,61.33
TORSHAVN,-6.45,62
KONGSHAVN,-6.44,62.07
RUNAVIK,-6.43,62.07
VESTMANNA,-7.1,62.09
SORVAGUR,-7.15,62.05
FUGLAFJORDUR,-6.48,62.15
KLAKSVIK,-6.35,62.14
SCRABSTER HARBOR,-3.33,58.37
ULLAPOOL,-5.09,57.54
AULTBEA,-5.35,57.5
GAIRLOCH,-5.41,57.43
PLOCKTON,-5.39,57.2
KYLE OF LOCHALSH,-5.43,57.17
KYLEAKIN,-5.44,57.16
BROADFORD BAY,-5.53,57.15
PORTREE HARBOR,-6.12,57.25
UIG,-6.21,57.35
LOCHMADDY,-7.1,57.36
CASTLE BAY,-7.29,56.57
LOCHBOISDALE,-7.18,57.09
STORNOWAY HARBOR,-6.22,58.11
TARBERT,-6.49,57.54
ORNSAY,-5.48,57.09
MALLAIG,-5.49,57
TOBERMORY,-6.04,56.37
KILKEEL,-5.59,54.03
LOCHALINE,-5.46,56.33
CRAIGNURE,-5.42,56.28
CORPACH,-5.07,56.51
FORT WILLIAM,-5.07,56.49
GLENSANDA,-5.32,56.34
OBAN,-5.28,56.25
PORT ELLEN,-6.12,55.38
CRINAN (CANAL),-5.34,56.05
CAMPBELTOWN,-5.36,55.26
LAMLASH HARBOR,-5.07,55.32
ARDRISHAIG,-5.27,56.01
ROTHESAY HARBOR,-5.03,55.5
GREENOCK,-4.45,55.57
FINNART OIL TERMINAL,-4.5,56.07
BOWLING,-4.29,55.56
OLD KILPATRICK,-4.28,55.55
ROTHESAY DOCK,-4.24,55.54
RENFREW,-4.23,55.53
GLASGOW,-4.17,55.52
LARGS,-4.52,55.48
HUNTERSTON,-4.53,55.45
MILLPORT,-4.55,55.45
ARDROSSAN,-4.49,55.39
TROON,-4.41,55.33
AYR,-4.38,55.28
STRANRAER,-5.02,54.54
BANGOR,-5.4,54.39
DOUGLAS,-4.28,54.09
RAMSEY,-4.22,54.19
WARREN POINT,-6.15,54.06
ARDGLASS,-5.37,54.16
BELFAST,-5.54,54.37
KILROOT,-5.43,54.44
LARNE,-5.48,54.51
COLERAINE,-6.4,55.08
LONDONDERRY,-7.19,55
RATHMULLAN,-7.32,55.06
KILLYBEGS,-8.27,54.38
SLIGO,-8.28,54.16
LANCASTER,-2.47,54.03
WESTPORT,-9.32,53.48
DROGHEDA,-6.18,53.43
GALWAY,-9.03,53.16
LIMERICK,-8.37,52.38
FOYNES,-9.07,52.37
TARBERT,-9.22,52.35
FENIT,-9.52,52.16
CASTLETOWN BEARHAVEN,-9.55,51.39
VALENTIA,-10.18,51.56
KILRUSH,-9.3,52.38
BANTRY,-9.27,51.41
COBH,-8.18,51.51
CORK,-8.16,51.51
NEW ROSS,-6.57,52.23
WATERFORD,-7.07,52.16
ROSSLARE,-6.2,52.15
DUBLIN,-6.15,53.21
GREENORE,-6.08,54.02
SILLOTH,-3.24,54.52
WORKINGTON,-3.38,54.34
BARROW IN FURNESS,-3.14,54.07
HEYSHAM,-2.55,54.02
GARLSTON,-2.54,53.21
LIVERPOOL BAY TERMINAL,-3.33,53.32
FLEETWOOD,-3.01,53.55
MOSTYN,-3.16,53.19
LIVERPOOL,-3,53.25
MANCHESTER,-2.16,53.29
HOLYHEAD,-4.38,53.19
CAERNARVON,-4.16,53.09
FISHGUARD,-4.59,52.01
MILFORD HAVEN,-5.02,51.43
SWANSEA,-3.57,51.37
NEATH,-3.5,51.38
PORT TALBOT,-3.49,51.35
BARRY,-3.16,51.24
CARDIFF,-3.1,51.27
NEWPORT,-2.59,51.33
SHARPNESS,-2.29,51.43
AVONMOUTH,-2.43,51.3
BRISTOL,-2.38,51.28
BRIDGWATER,-3,51.08
WATCHET HARBOR,-3.2,51.11
BIDEFORD,-4.12,51.02
PADSTOW,-4.56,50.33
HAYLE,-5.25,50.11
ST. MARY'S (SCILLY ISL.),-6.19,49.55
NEWLYN,-5.33,50.06
PENZANCE,-5.32,50.07
FALMOUTH HARBOUR,-5.04,50.09
MEVAGISSEY,-4.47,50.16
CHARLESTOWN,-4.45,50.2
PAR,-4.42,50.21
FOWEY HARBOUR,-4.38,50.2
PLYMOUTH,-4.09,50.22
DARTMOUTH HARBOUR,-3.37,50.21
BRIXHAM HARBOUR,-3.31,50.24
TORQUAY HARBOUR,-3.32,50.28
TEIGNMOUTH HARBOUR,-3.3,50.33
BRIDPORT HARBOUR,-2.46,50.43
PORTLAND HARBOUR,-2.26,50.35
WEYMOUTH HARBOUR,-2.27,50.37
POOLE HARBOUR,-1.57,50.41
COWES HARBOUR,-1.18,50.46
YARMOUTH HARBOUR,-1.3,50.42
SOUTHAMPTON,-1.24,50.54
FAWLEY MARINE TERMINAL,-1.2,50.49
PORTSMOUTH HARBOUR,-1.06,50.48
LITTLEHAMPTON HARBOUR,-0.32,50.47
SHOREHAM HARBOUR,-0.15,50.49
NEWHAVEN HARBOUR,0.03,50.47
RYE HARBOUR,0.46,50.56
FOLKESTONE HARBOUR,1.12,51.05
DOVER HARBOR,1.2,51.07
RAMSGATE,1.25,51.2
DUNKERQUE PORT EST,2.23,51.03
DUNKERQUE PORT OUEST,2.21,51.04
GRAVELINES,2.07,51
CALAIS,1.51,50.58
BOULOGNE-SUR-MER,1.36,50.44
SAINT-VALERY-SUR-SOMME,1.37,50.11
LE TREPORT,1.22,50.04
DIEPPE,1.05,49.56
FECAMP,0.22,49.46
PORT DU HAVRE-ANTIFER,0.09,49.39
PORT OF LE HAVRE,0.07,49.29
PORT OF ROUEN,1.04,49.27
HONFLEUR,0.13,49.25
DEAUVILLE,0.05,49.22
PORT DE CAEN,-0.21,49.11
OUISTREHAM,-0.15,49.17
RADE DE CHERBOURG,-1.38,49.39
ALDERNEY HARBOUR,-2.12,49.44
SAINT SAMPSON,-2.31,49.29
SAINT PETER PORT,-2.32,49.27
SAINT HELIER HARBOUR,-2.07,49.11
GRANVILLE,-1.36,48.5
SAINT-MALO,-2.01,48.39
LE LEGUE,-2.45,48.32
PAIMPOL,-3.03,48.47
PONTRIEUX,-3.09,48.42
TREGUIER,-3.14,48.47
MORLAIX,-3.5,48.35
PORT DE ROSCOFF-BLOSCON,-3.59,48.44
RADE DE BREST,-4.3,48.23
CONCARNEAU,-3.55,47.52
LORIENT,-3.21,47.45
ST NAZAIRE,-2.12,47.17
MONTOIR,-2.08,47.18
DONGES,-2.04,47.18
NANTES,-1.34,47.12
LES SABLES D' OLONNE,-1.48,46.3
LA PALLICE,-1.13,46.1
LA ROCHELLE,-1.09,46.09
ROCHEFORT,-0.57,45.56
TONNAY CHARENTE,-0.54,45.56
LE VERDON,-1.03,45.33
PAUILLAC,-0.45,45.12
BLAYE,-0.4,45.08
AMBES,-0.32,45.01
BORDEAUX,-0.34,44.52
BAYONNE,-1.28,43.3
PUERTO DE PASAJES,-1.56,43.2
BERMEO,-2.43,43.25
PUERTO DE BILBAO,-3.03,43.21
SANTANDER,-3.47,43.28
GIJON,-5.4,43.33
AVILES,-5.56,43.36
RIBADEO,-7.02,43.32
SAN CIPRIAN,-7.26,43.42
FERROL,-8.14,43.29
LA CORUNA,-8.24,43.22
VILLAGARCIA DE AROSA,-8.46,42.36
MARIN,-8.42,42.24
VIGO,-8.43,42.14
VIANA DO CASTELO,-8.5,41.42
PORTO DE LEIXOES,-8.42,41.11
DOURO,-8.4,41.09
AVEIRO,-8.39,40.39
FIGUEIRA DA FOZ,-8.51,40.09
LISBOA,-9.1,38.42
SETUBAL,-8.54,38.31
SINES,-8.52,37.57
LAGOS,-8.37,37.06
FARO,-7.56,37.02
VILA REAL DE S ANTONIO,-7.24,37.11
HORTA,-28.38,38.32
LAJES,-28.16,38.24
ANGRA DO HEROISMO,-27.13,38.39
PRAIA DE VITORIA,-27.03,38.43
PONTA DELGADA,-25.4,37.44
VILA DO PORTO,-25.09,36.56
FUNCHAL,-16.55,32.38
SANTA CRUZ DE LA PALMA,-17.45,28.41
SANTA CRUZ DE TENERIFE,-16.14,28.28
LAS PALMAS,-15.25,28.09
PUERTO DEL ROSARIO,-13.51,28.3
ARRECIFE,-13.32,28.57
HUELVA,-6.57,37.15
SEVILLA,-6,37.22
ROTA,-6.2,36.37
CADIZ,-6.18,36.32
ALGECIRAS,-5.26,36.08
EUROPA POINT,-5.21,36.08
MALAGA,-4.25,36.43
MOTRIL,-3.31,36.45
ADRA,-3.02,36.44
ALMERIA,-2.28,36.5
PUERTO DE CARBONERAS,-1.53,37
PUERTO DE GARRUCHA,-1.49,37.11
AGUILAS,-1.34,37.24
HORNILLO,-1.33,37.24
CARTAGENA,-0.59,37.35
ISLAS HORMIGAS,-0.39,37.39
TORREVIEJA,-0.41,37.58
ALICANTE,-0.29,38.2
PUERTO DE GANDIA,-0.09,39
VALENCIA,-0.19,39.27
SAGUNTO,-0.13,39.39
BURRIANA,-0.03,39.53
EL GRAO,0.01,39.58
TARRAGONA,1.14,41.06
VILLANUEVA Y GELTRU,1.44,41.14
BARCELONA,2.1,41.21
SAN FELIU DE GUIXOLS,3.02,41.47
PALAMOS,3.07,41.5
LAS HORMIGAS,3.11,41.52
ROSAS,3.11,42.16
IBIZA,1.27,38.54
PALMA DE MALLORCA,2.38,39.34
PUERTO DE ALCUDIA,3.08,39.5
MAHON,4.16,39.53
PORT-VENDRES,3.07,42.31
PORT-LA-NOUVELLE,3.04,43.01
SETE,3.42,43.24
PORT SAINT LOUIS DU RHONE,4.49,43.23
FOS,4.53,43.25
PORT-DE-BOUC,4.59,43.24
MARSEILLE,5.22,43.19
TOULON,5.55,43.06
SAINT-TROPEZ,6.38,43.16
SAINT-RAPHAEL,6.46,43.25
CANNES,7.01,43.33
ANTIBES,7.08,43.35
NICE,7.17,43.42
VILLEFRANCHE,7.19,43.42
MONACO,7.25,43.44
BASTIA,9.27,42.42
PORTO VECCHIO,9.17,41.35
BONIFACIO,9.1,41.23
PORT DE PROPRIANO,8.54,41.41
PORT D' AJACCIO,8.45,41.55
CALVI,8.45,42.34
L'ILE ROUSSE,8.56,42.38
LA MADDALENA,9.25,41.12
OLBIA,9.3,40.55
ARBATAX,9.42,39.56
CAGLIARI,9.07,39.13
SARROCH OIL TERMINAL,9.02,39.05
PORTO PONTE ROMANO,8.28,39.03
CARLOFORTE,8.19,39.09
PORTO VESME,8.24,39.12
PORTO DI ORISTANO,8.33,39.52
PORTO TORRES,8.24,40.5
SAN REMO,7.47,43.49
IMPERIA,8.02,43.53
RADA DI VADO,8.26,44.16
SAVONA,8.3,44.19
ORISTANO,8.33,39.52
GENOVA,8.56,44.24
LA SPEZIA,9.5,44.06
MARINA DI CARRARA,10.02,44.02
LIVORNO,10.19,43.33
VADA,10.27,43.21
PORTOFERRAIO,10.2,42.49
PORTOVECCHIO DI PIOMBINO,10.33,42.56
PORTO SANTO STEFANO,11.07,42.26
CIVITAVECCHIA,11.47,42.06
FIUMICINO,12.14,41.46
ANZIO,12.38,41.27
GAETA,13.35,41.12
POZZUOLI,14.07,40.49
BAGNOLI,14.1,40.49
NAPOLI,14.16,40.51
TORRE ANNUNZIATA,14.27,40.45
CASTELLAMMARE DI STABIA,14.29,40.42
SALERNO,14.45,40.4
VIBO VALENTIA MARINA,16.08,38.43
REGGIO DI CALABRIA,15.39,38.07
MESSINA,15.34,38.12
MILAZZO,15.15,38.13
GIOIA TAURO,15.54,38.25
TERMINI IMERESE,13.42,37.59
PORTO DI PALERMO,13.22,38.08
TRAPANI,12.3,38.01
MARSALA,12.26,37.47
MAZARA DEL VALLO,12.35,37.39
PORTO EMPEDOCLE,13.32,37.17
LICATA,13.56,37.06
GELA,14.15,37.04
POZZALLO,14.51,36.43
SIRACUSA,15.17,37.03
MELILLI OIL TERMINAL,15.15,37.07
AUGUSTA,15.14,37.13
CATANIA,15.06,37.3
LIPARI,14.58,38.29
VALLETTA HARBORS,14.31,35.54
MARSAXLOKK,14.33,35.49
CROTONE,17.08,39.05
TARANTO,17.12,40.28
GALLIPOLI,17.59,40.03
OTRANTO,18.3,40.09
BRINDISI,17.59,40.39
TORRE DEL GRECO,14.22,40.47
MONOPOLI,17.18,40.57
BARI,16.52,41.08
MOLFETTA,16.36,41.13
PORTO DI BARLETTA,16.17,41.19
MANFREDONIA,15.55,41.37
VASTO,14.43,42.07
ORTONA,14.25,42.21
PESCARA,14.13,42.28
ANCONA,13.3,43.37
PORTO DI CORSINI,12.17,44.3
PORTO DI CHIOGGIA,12.18,45.14
PORTO DI MALAMOCCO,12.19,45.2
PORTO DI LIDO-VENEZIA,12.26,45.25
MONFALCONE,13.33,45.47
TRIESTE,13.46,45.39
MUGGIA,13.46,45.36
KOPER,13.44,45.33
PIRAN,13.34,45.32
UMAG,13.31,45.26
ROVINJ,13.38,45.05
PULA,13.48,44.53
ZALIV RASA,14.04,45.03
BRSICA,14.03,45.02
RIJEKA LUKA,14.26,45.2
BAKAR,14.32,45.18
OMISALJ,14.33,45.13
SENJ,14.54,44.59
ZADAR,15.13,44.07
SIBENIK,15.53,43.44
SPLIT,16.26,43.3
DUGI RAT,16.39,43.27
PLOCE,17.26,43.03
NEUM,17.36,42.55
KORCULA,17.08,42.56
DUBROVNIK,18.05,42.4
RISAN,18.42,42.31
KOTOR,18.46,42.25
TIVAT,18.42,42.26
BAR,19.05,42.05
SHENGJIN,19.36,41.49
DURRES,19.27,41.19
VLORES,19.3,40.28
KERKIRA,19.56,39.37
PREVEZA,20.45,38.57
ARGOSTOLION,20.31,38.11
MESOLONGION,21.25,38.22
ITEA,22.25,38.26
AIYION,22.05,38.15
PATRAI,21.44,38.15
KATAKOLON,21.19,37.39
PILOS,21.4,36.54
KALAMATA,22.07,37.01
YITHION,22.34,36.45
NAVPLIO,22.48,37.34
SPETSES,23.1,37.16
LAVRIO,24.04,37.42
MEGARA OIL TERMINAL,23.24,37.58
AYIOS NIKOLAOS,23.32,37.59
ELEVSIS,23.33,38.02
PAKHI OIL TERMINAL,23.23,37.58
PERAMA,23.34,37.58
PIRAIEVS,23.39,37.56
ORMOS MIKRO VATHI,23.36,38.26
DHIAVLOS STENO,23.36,38.27
CHALKIS,23.36,38.28
ORMOS ALIVERIOU,24.03,38.23
ASTAKOS,21.06,38.29
ASPROPIRGOS,23.36,38.02
PORTHMOS EVRIPOU,23.35,38.28
LARIMNA,23.17,38.34
KYMASSI,23.28,38.5
ACHLADI,22.49,38.54
STILIS,22.37,38.55
TSINGELI,22.51,39.1
VOLOS,22.57,39.22
MILIANA,23.13,39.1
THESSALONIKI,22.56,40.38
YERAKINI,23.28,40.16
STRATONI,23.5,40.31
KAVALA,24.24,40.56
LAGOS,25.08,41
ALEXANDROUPOLI,25.53,40.5
MITILINI,26.34,39.06
PLOMARION,26.22,38.59
VRAKHONISIS KALLONIS,26.05,39.05
KHIOS,26.08,38.22
NEON KARLOVAS,26.41,37.48
SAMOS,26.58,37.45
PITHAGORION,26.57,37.41
GAVRIO,24.44,37.53
ANDROS,24.57,37.5
MIKONOS,25.2,37.27
LIMIN SIROU,24.57,37.26
NISOS NAXOS,25.22,37.06
MILOS,24.27,36.43
AKRA KAVONISI,23.38,35.31
SOUDHA,24.11,35.29
RETHIMNON,24.28,35.22
IRAKLION,25.09,35.21
SITIA,26.08,35.13
AYIOS NIKOLAOS,25.43,35.12
KALI LIMENES,24.5,34.56
RODHOS,28.14,36.27
LIMIN KOS,27.17,36.54
KALIMNOS,26.59,36.57
LAKKI,26.51,37.08
ALIAGA,26.56,38.5
GEMLIK,29.07,40.25
ECEABAT,26.22,40.11
GELIBOLU,26.4,40.24
BORUSAN FERTILIZER JETTY,29.06,40.25
AMBARLI,28.42,40.58
TEKIRDAG,27.31,40.59
ISTANBUL,28.58,41.01
DEFTERDAR BURNU,29.02,41.03
ISTINYE,29.03,41.07
BURGAS,27.29,42.29
VARNA,27.58,43.11
MANGALIA,28.35,43.49
BASARABI,28.26,44.1
CONSTANTA,28.39,44.1
MEDGIDIA,28.16,44.15
DANUBE-BLACK SEA CANAL,28.11,44.16
CERNAVODA,28.03,44.2
MIDIA,28.4,44.21
SULINA,29.4,45.1
TULCEA,28.49,45.1
BRAILA,27.59,45.15
GALATI,28.05,45.25
IZMAYIL,28.51,45.2
ILLICHIVSK,30.39,46.18
ODESA,30.44,46.29
YUZHNYY,31.01,46.36
MYKOLAYIV,31.59,46.57
PORT OKTYABRSK,31.56,46.5
DNIPRO-BUZKYY,31.53,46.44
KHERSON,32.36,46.37
BELGOROD-DNESTROVSKY,30.22,46.11
SKADOVS'K,32.55,46.06
KHORLY,33.17,46.05
CHORNOMORS KE,32.42,45.31
UST-DUNAISK,29.42,45.28
YEVPATORIYA,33.23,45.12
SEVASTOPOL,33.32,44.37
BALAKLAVA,33.36,44.3
YALTA,34.1,44.29
ALUSHTA,34.25,44.41
SUDAK,34.59,44.51
FEODOSIYA,35.26,45.01
KERCH,36.29,45.21
RENI,28.18,45.26
HENICHESK,34.49,46.1
KYRYLIVKA,35.22,46.21
BERDYANSK,36.47,46.45
MARIUPOL,37.34,47.05
TAGANROG,38.57,47.12
ROSTOV-NA-DONU,39.43,47.1
AZOV,39.26,47.06
YEYSK,38.16,46.44
TEMRYUK,37.21,45.21
KAVKAZ OIL TERMINAL,36.39,45.2
ANAPA,37.19,44.53
NOVOROSSIYSK,37.47,44.43
GELENDZHIK,38.04,44.33
TUAPSE,39.04,44.06
SOCHI,39.44,43.35
ADLER,39.56,43.26
SOKHUMI,40.59,42.59
POTI,41.35,42.09
SUPSA MARINE TERMINAL,41.43,42.06
BATUMI,41.39,41.39
HOPA,41.24,41.25
RIZE,40.31,41.04
TRABZON,39.46,41.01
GIRESUN,38.24,40.56
ORDU,37.53,41
SAMSUN,36.21,41.18
SINOP,35.1,42.03
INEBOLU,33.46,41.59
ZONGULDAK,31.49,41.28
EREGLI,31.27,41.18
HAYDARPASA,29.01,41
BOTAS NATURAL GAS TERMINAL,27.59,41
YARIMCA,29.42,40.48
KABA BURNU,29.32,40.46
DERINCE BURNU,29.49,40.45
IZMIT,29.55,40.46
GEBZE,29.33,40.46
GOLCUK BURNU,29.49,40.44
MUDANYA,28.53,40.23
BANDIRMA,27.58,40.21
ERDEK,27.48,40.23
KARABIGA,27.19,40.24
CANAKKALE,26.24,40.09
AYVALIK,26.42,39.19
DIKILI,26.49,39.01
IZMIR,27.08,38.26
GULLUK,27.37,37.15
NEMRUT LIMANI BAY,26.55,38.46
KUSADASI,27.15,37.52
BODRUM,27.26,37.02
TOROS GUBRE,35.58,36.55
BOTAS DORTYOL OIL TERMINAL,36.08,36.52
YAKACIK,36.11,36.43
DELTA TERMINAL,36.1,36.51
MARMARIS,28.17,36.51
AKSAZ LIMANI,28.23,36.5
ANTALYA OFFSHORE TERMINAL,30.36,36.49
FETHIYE,29.06,36.38
ANTALYA,30.37,36.5
ALANYA,32,36.32
TASUCU,33.53,36.19
MERSIN,34.38,36.48
BOTAS,35.56,36.53
ISKENDERUN,36.1,36.36
KYRENIA,33.2,35.21
XEROS,32.5,35.08
LIMASSOL,33.03,34.4
LARNACA,33.39,34.55
DHEKELIA,33.43,34.58
FAMAGUSTA,33.56,35.07
TARTUS,35.52,34.54
BANIYAS,35.57,35.11
AL LADHIQIYAH,35.46,35.32
TARABULUS,35.5,34.27
BAYRUT,35.3,33.54
SIDON/ZAHRANI TERMINAL,35.19,33.32
SAYDA,35.21,33.3
HAIFA,35,32.49
HADERA,34.54,32.28
ASHDOD,34.39,31.49
ASHQELON,34.3,31.4
BUR SAID (PORT SAID),32.18,31.16
DAMIETTA,31.45,31.29
EL MAADIYA,30.09,31.16
AL ISKANDARIYH (ALEXANDRIA),29.5,31.1
SIDI KERIR (KURAYR),29.37,31.06
EL HAMRA OIL TERMINAL,28.52,30.59
MERSA MATRUH,27.14,31.21
MERSA TOBRUQ,23.59,32.05
DARNAH,22.39,32.46
BANGHAZI,20.03,32.07
EZ ZUEITINA,20.03,30.51
AL BURAYQAH,19.36,30.25
RAS   LANUF,18.34,30.31
AS SIDR,18.22,30.38
MISRATAH,15.13,32.22
KHOMS,14.15,32.4
MINA TARABULUS (TRIPOLI),13.11,32.54
AZ ZAWIYA,12.43,32.48
BOURI OIL FIELD,12.39,33.54
MARSA SABRATAH,12.3,32.49
ABU KHAMMASH,11.49,33.04
ZARZIS,11.07,33.3
DIDON TERMINAL,11.54,33.47
HOUMT SOUK,10.51,33.53
GABES,10.07,33.54
ASHTART OIL TERMINAL,11.23,34.17
SKHIRA,10.06,34.17
MERSA SFAX,10.46,34.44
MAHDIA,11.04,35.3
SOUSSE,10.39,35.5
LA GOULETTE,10.18,36.48
TUNIS,10.15,36.48
RADES,10.18,36.49
TAZERKA OIL TERMINAL,11.41,36.36
BANZART,9.53,37.17
MENZEL BOURGUIBA,9.48,37.09
TABARKA,8.46,36.58
ANNABA,7.46,36.55
SKIKDA,6.55,36.53
PORT METHANIER,6.57,36.53
COLLO,6.35,37
DJEN-DJEN,5.53,36.49
JIJEL,5.47,36.5
BEJAIA,5.05,36.45
DELLYS,3.55,36.55
ALGER,3.04,36.46
TENES,1.19,36.32
MOSTAGANEM,0.05,35.56
ARZEW,-0.18,35.51
ARZEW EL DJEDID,-0.15,35.49
ORAN,-0.38,35.42
MERS EL KEBIR,-0.42,35.44
BENI SAF,-1.23,35.18
GHAZAOUET,-1.52,35.06
PORT D AL HOCEIMA,-3.55,35.15
CUETA,-5.19,35.54
TANGIER-MEDITERRANEAN,-5.31,35.54
TANGER,-5.49,35.47
PORT NADOR,-2.56,35.17
KENITRA,-6.36,34.18
MOHAMMEDIA,-7.24,33.43
CASABLANCA,-7.37,33.36
EL JADIDA,-8.3,33.15
EL JORF LASFAR,-8.37,33.07
SAFI,-9.15,32.18
ESSAOUIRA,-9.47,31.3
AGADIR,-9.38,30.26
AD DAKHLA,-15.55,23.42
LAAYOUNE,-13.26,27.05
NOUADHIBOU,-17.03,20.55
NOUAKCHOTT,-16.02,18.02
ST LOUIS,-16.31,16.01
M BAO OIL TERMINAL,-17.24,14.43
DAKAR,-17.26,14.41
RUFISQUE,-17.17,14.42
KARABANE,-16.4,12.34
LYNDIANE,-16.1,14.1
BANJUL,-16.34,13.27
RIO CACHEU,-16.14,12.17
BISSAU,-15.38,11.52
VICTORIA,-14.34,10.49
KAMSAR,-14.37,10.38
CONAKRY,-13.43,9.31
BENTI,-13.12,9.1
FREETOWN,-13.14,8.3
PEPEL,-13.03,8.35
BONTHE,-12.3,7.32
PORTO GRANDE,-25,16.53
PORTO DA PRAIA,-23.31,14.55
MONROVIA,-10.49,6.19
BUCHANAN,-10.04,5.52
GREENVILLE,-9.03,4.59
CAPE PALMAS,-7.43,4.22
SAN PEDRO,-6.37,4.44
BAOBAB MARINE TERMINAL,-4.33,4.58
PORT BOUET,-3.58,5.14
ABIDJAN,-4.01,5.15
ESPOIR MARINE TERMINAL,-4.27,5.03
TAKORADI,-1.44,4.53
SEKONDI,-1.42,4.57
SALTPOND,-1.03,5.12
TEMA,0.01,5.37
LOME,1.17,6.08
KPEME,1.31,6.12
COTONOU,2.26,6.21
LAGOS,3.24,6.24
TIN CAN ISLAND,3.21,6.21
ESCRAVOS OIL TERMINAL,5,5.3
KOKO,5.28,6
SAPELE,5.41,5.54
FORCADOS,5.26,5.22
FORCADOS OIL TERMINAL,5.11,5.1
BURUTU,5.3,5.21
WARRI,5.44,5.31
UKPOKITI MARINE TERMINAL,4.5,5.43
YOHO TERMINAL,7.28,4.01
SEA EAGLE TERMINAL,5.19,4.48
BRASS OIL TERMINAL,6.17,4.04
QUA IBOE OIL TERMINAL,8.02,4.14
PENNINGTON OIL TERMINAL,5.37,4.15
BONNY,7.1,4.27
BONNY OFFSHORE TERMINAL,7.14,4.11
OKRIKA,7.05,4.43
ONNE,7.09,4.41
PORT HARCOURT,7,4.46
ANTAN OIL TERMINAL,8.2,4.13
CALABAR,8.19,4.58
ODUDU TERMINAL,7.46,4
OKONO TERMINAL,7.18,3.59
OKWORI TERMINAL,6.59,3.51
LIMBOH TERMINAL,9.09,3.59
DOUALA,9.41,4.03
KOLE OIL TERMINAL,8.33,4.15
MOUDI MARINE TERMINAL,8.29,4.07
EBOME MARINE TERMINAL,9.49,2.48
KOME KRIBI 1 MARINE TERMINAL,9.48,2.55
BATA,9.46,1.52
PUNTA EUROPA TERMINAL,8.43,3.47
SERPENTINA TERMINAL,8.05,3.48
MALABO,8.47,3.45
LUBA,8.34,3.3
CEIBA TERMINAL,9.14,1.25
COGO,9.42,1.05
SANTO ANTONIO,7.27,1.39
SAO TOME,6.44,0.21
LIBREVILLE,9.27,0.23
PORT OWENDO,9.3,0.17
PORT GENTIL,8.48,-0.42
CAP LOPEZ,8.43,-0.38
OGUENDJO TERMINAL,8.55,-1.28
GAMBA OIL TERMINAL,10,-2.5
M'BYA OIL TERMINAL,10.56,-3.53
YOMBO TERMINAL,11.06,-4.27
POINTE NOIRE,11.5,-4.47
DJENO TERMINAL,11.54,-4.56
N'KOSSA TERMINAL,11.34,-5.16
TAKULA TERMINAL,11.47,-5.13
MALONGO OIL TERMINAL,12.05,-5.26
KUITO OIL FIELD,11.3,-5.28
CABINDA,12.12,-5.32
FUTILA TERMINAL,12.11,-5.27
BANANA,12.23,-5.59
BOMA,13.03,-5.51
MATADI,13.27,-5.49
SOYO ANGOLA LNG TERMINAL,12.2,-6.07
PALANCA TERMINAL,12.24,-6.57
GIRASSOL TERMINAL,11.41,-7.39
PORTO DO AMBRIZ,13.06,-7.5
ESTRELA OIL FIELD,12.24,-6.27
LUANDA,13.15,-8.48
PORTO AMBOIM,13.45,-10.44
SUMBE,13.5,-11.12
LOBITO,13.34,-12.2
NAMIBE,12.09,-15.12
WALVIS BAY,14.3,-22.57
LUDERITZ BAY,15.09,-26.39
GEORGETOWN,-14.25,-7.56
JAMESTOWN,-5.43,-15.55
NORTH POINT,-14.22,-7.53
EDINBURGH OF THE SEVEN SEAS,-12.18,-37.03
SALDANHA BAY,17.58,-33.02
CAPE TOWN,18.25,-33.55
SIMONSTOWN,18.26,-34.11
MOSSEL BAY,22.09,-34.11
PORT ELIZABETH,25.37,-33.58
EAST LONDON,27.55,-33.02
DURBAN,31.04,-29.52
RICHARDS BAY,32.05,-28.49
MAPUTO,32.35,-25.58
INHAMBANE,35.24,-23.55
BEIRA,34.5,-19.5
CHINDE,36.3,-18.34
QUELIMANE,36.53,-17.53
PORTO BELO,37.11,-17.42
PEBANE,38.09,-17.16
MOCAMBIQUE,40.44,-15.02
NACALA,40.4,-14.32
PEMBA,40.3,-12.58
IBO,40.37,-12.2
MIKINDANI,40.08,-10.16
MTWARA,40.12,-10.16
KILWA KIVINJE,39.25,-8.44
MJIMWEMA TERMINAL,39.22,-6.49
DAR ES SALAAM,39.18,-6.49
CHAKE CHAKE,39.46,-5.15
TANGA,39.07,-5.05
ZANZIBAR,39.11,-6.1
MOMBASA,39.4,-4.04
KILIFI,39.52,-3.38
MALINDI,40.08,-3.13
LAMU,40.54,-2.16
KISMAAYO,42.33,-0.22
BARAAWE,44.03,1.06
MARKA,44.47,1.43
MUQDISHO,45.21,2.02
VICTORIA,55.27,-4.37
MORONI,43.15,-11.42
FOMBONI,43.45,-12.16
MOUTSAMOUDU,44.24,-12.09
DZAOUDZI,45.15,-12.47
ANDOANY,48.18,-13.24
MAHAJANGA,46.18,-15.43
MAINTIRANO,44.01,-18.04
MORONDAVA,44.18,-20.17
TOLIARA,43.4,-23.22
FARADOFAY,47,-25.02
MANAKARA,48.03,-22.07
MANANJARY,48.2,-21.15
TOAMASINA,49.25,-18.1
MAROANTSETRA,49.49,-15.27
IHARANA,50,-13.21
ANTSOHIM BONDRONA,48.5,-13.05
ANTISRANANA,49.17,-12.16
SAINT-DENIS,55.27,-20.52
PORT EST,55.19,-20.56
PORT OUEST,55.17,-20.56
SAINT-PIERRE,55.28,-21.21
PORT LOUIS,57.3,-20.09
PORT MATHURIN,63.25,-19.41
DIEGO GARCIA,72.28,-7.21
BERBERA,45.01,10.27
BOOSAASO,49.11,11.17
DJIBOUTI,43.08,11.36
DORALEH,43.05,11.36
ASSAB,42.45,13
MITSIWA HARBOR,39.28,15.37
PORT SUDAN,37.14,19.36
AL KHAIR OIL TERMINAL,37.15,19.35
BESHAYER OIL TERMINAL,37.19,19.24
SAWAKIN HARBOR,37.21,19.08
NUWEIBA EL MUZEIMA,34.39,28.58
AL QUSAYR,34.17,26.06
HAMRAWEIN,34.12,26.15
BUR SAFAGA,33.57,26.44
EL TUR HARBOR,33.37,28.14
ZEIT BAY TERMINAL,33.36,27.5
EAST ZEIT TERMINAL,33.36,27.51
SHARM EL SHEIKH,34.17,27.51
ZEIT BAY LPG TERMINAL,33.34,27.48
EL GHARDAQA,33.51,27.13
RAS SHUKHIER,33.17,28.08
RAS GHARIB,33.06,28.21
RAS BADRAN OIL TERMINAL,33.1,28.57
NORTH AIN SUKHNA PORT,32.22,29.39
SOKHNA PORT GAS TANKER TERMINAL,32.22,29.41
AS SUWAYS,32.33,29.58
EL-ADABIYA,32.28,29.52
EL ISMAILIYA,32.17,30.35
RAS SUDR,32.42,29.35
AIN SUKHNA TERMINAL,32.22,29.35
ZAFARANA TERMINAL,32.41,29.1
RAS ABU ZANIMAH,33.07,29.02
WADI FEIRAN,33.12,28.45
ELAT,34.57,29.33
AL AQABAH,35,29.31
SHARMAH,35.15,27.56
DUBA,35.32,27.34
DUBA BULK PLANT TANKER TERMINAL,35.54,27.19
YANBU,38.03,24.05
KING FAHD PORT,38.13,23.57
RABIGH,38.59,22.44
JIDDAH,39.11,21.29
JIZAN,42.29,16.54
SALIF,42.4,15.18
RAS ISA MARINE TERMINAL,42.36,15.08
AL AHMADI,42.58,14.5
AL MUKHA,43.15,13.19
ADEN,44.57,12.47
NISHTUN,52.12,15.49
ASH SHIHR OIL TERMINAL,49.3,14.44
AL MUKALLA,49.07,14.31
RUDUM TERMINAL,47.55,13.59
BALHAF,48.11,13.58
MINA RAYSUT,54.01,16.56
QALHAT LNG TERMINAL,59.24,22.41
MINA QABUS,58.35,23.38
MINA AL FAHL,58.31,23.38
PORT OF SOHAR,56.38,24.31
KHAWR KHASAB,56.14,26.13
FUJAYRAH HARBOR,56.2,25.1
KHAWR FAKKAN,56.23,25.21
MINA SAQR,56.03,25.59
FATEH OIL TERMINAL,54.25,25.35
ZIRKUH PETROLEUM PORT,53,25.01
ZIRKUH OIL FIELD,53.03,24.52
MUBARRAZ OIL TERMINAL,53.31,24.26
AL JAZEERA PORT,55.47,25.43
AJMAN,55.26,25.25
ASH SHARIQAH,55.22,25.25
SHARJAH OFFSHORE TERMINAL,55.24,25.35
UMM AL QAYWAYN,55.35,25.35
AL HAMRIYAH LPG TERMINAL,55.29,25.28
DUBAYY,55.18,25.16
MINA JABAL ALI,55.03,25.01
JAZIRAT DAS,52.52,25.09
ABU ZABY,54.2,24.3
UMM AN NAR,54.29,24.27
HULAYLAH OIL TERMINAL,55.56,25.59
JABAL AZ ZANNAH/RUWAYS,52.42,24.12
UMM SAID,51.34,24.55
DOHA,51.32,25.17
JAZIRAT HALUL,52.25,25.41
RAS LAFFAN,51.35,25.55
AL SHAHEEN TERMINAL,52,26.35
AL RAYYAN TERMINAL,51.33,26.39
AL MANAMAH,50.35,26.14
SITRAH,50.4,26.1
MINA SALMAN,50.38,26.12
KHALIFA BIN SALMAN,50.45,26.15
DAMMAM,50.12,26.3
AL JUBAYL,49.4,27.05
RAS  TANNURAH,50.1,26.38
RAS AL GHAR,49.52,26.54
JU AYMAH LPG TERMINAL,50.03,26.52
JU AYMAH OIL TERMINAL,50.02,26.56
RAS AL MISHAB,48.38,28.07
RAS AL KHAFJI,48.35,28.26
MINA AZ ZAWR,48.24,28.44
MINA ASH SHUAYBAH,48.1,29.02
MINA ABD ALLAH,48.1,29.01
MINA AL AHMADI,48.1,29.04
AL KUWAYT,47.56,29.21
DOHA HARBOR,47.48,29.23
KHAWR AL AMAYA,48.48,29.47
AL-BASRA OIL TERMINAL,48.49,29.41
UMM QASR,47.57,30.01
AL BASRAH,47.5,30.31
KHAWR AL ZUBAIR,47.54,30.11
KHAWR AL ZUBAIR LNG TERMINAL,47.55,30.08
KHORRAMSHAHR,48.11,30.26
ABADAN,48.17,30.2
KHOSROWABAD,48.25,30.1
BANDAR-E MAHSHAHR,49.11,30.28
BANDAR KHOMEYNI,49.05,30.26
BARKAN OIL-LOADING TERMINAL,50.1,29.44
KHARG ISLAND OIL TERMINAL,50.2,29.14
SIRUS OIL TERMINAL,49.29,29.01
BUSHEHR,50.5,28.59
BANDAR-E PARS TERMINAL,52.32,27.32
JAZIREH-YE LAVAN OIL TERMINAL,53.2,26.47
BANDAR-E SHAHID REAJIE,56.04,27.06
BANDAR ABBAS,56.12,27.09
JAZIREH-YE HORMOZ,56.27,27.06
BANDAR TAHERI OFFSHORE TERMINAL,52.21,27.39
JAZIREH-YE SIRRI,54.33,25.54
JASK,57.46,25.38
CHAH BAHAR,60.37,25.16
GWADAR,62.18,25.08
KARACHI,66.59,24.47
MUHAMAMAD BIN QASIM,67.21,24.46
SIKKA,69.5,22.26
VADINAR TERMINAL,69.42,22.31
MUNDRA,69.42,22.44
MANDVI,69.21,22.5
KANDLA,70.13,23.02
NAVLAKHI,70.27,22.57
BEDI,70.02,22.31
OKHA,69.05,22.28
DAHEJ,72.32,21.42
PORBANDAR,69.36,21.38
VERAVAL,70.22,20.54
PIPAVAV BANDAR,71.31,20.55
BHAVNAGAR,72.14,21.46
MAGDALLA,72.45,21.09
HAZIRA,72.38,21.05
MUMBAI (BOMBAY),72.52,18.58
JAWAHARLAL NEHRU PORT (NHAVA SHIVA),72.57,18.57
RATNAGIRI,73.17,16.59
PANAJI,73.49,15.3
MARMAGAO,73.48,15.26
KARWAR,74.07,14.49
BELEKERI,74.16,14.42
NEW MANGALORE,74.49,12.55
AZHIKAL (AZHIKKAL),75.18,11.55
CALICUT (KOZHIKODE),75.46,11.15
BEYPORE,75.48,11.1
KOCHI (COCHIN),76.14,9.58
QUILON (KOLLAM),76.35,8.53
TRIVANDRUM,76.57,8.29
KOLACHEL,77.15,8.1
MALE,73.3,4.1
COLOMBO,79.51,6.57
GALLE HARBOR,80.13,6.01
TRINCOMALEE HARBOR,81.13,8.33
KANKESANTURAI,80.03,9.49
TUTICORIN,78.1,8.48
NAGAPPATTINAM,79.51,10.46
KARAIKAL PORT,79.52,10.5
CUDDALORE,79.46,11.43
PONDICHERRY,79.5,11.56
CHENNAI (MADRAS),80.18,13.06
KAMARAJAR PORT,80.19,13.16
MACHILIPATNAM,81.1,16.09
KAKINADA BAY,82.19,17
VISHAKHAPATNAM,83.18,17.41
PARADIP,86.41,20.16
HALDIA PORT,88.05,22.01
CALCUTTA,88.2,22.33
MONGLA,89.36,22.28
CHITTAGONG,91.49,22.19
SITTWE,92.54,20.08
BASSEIN,94.44,16.47
RANGOON,96.1,16.46
MOULMEIN HARBOR,97.37,16.29
YETAGUN MARINE TERMINAL,96.51,13.03
MERGUI,98.36,12.26
PORT BLAIR,92.45,11.41
PHUKET,98.24,7.5
KRABI,98.55,8.04
KANTANG HARBOR,99.31,7.24
BANG SAPHAN,99.36,11.11
KHANOM,99.54,9.12
PELABUHAN BASS,99.5,6.19
SAPANGAR BAY,116.07,6.05
PULAU PINANG,100.21,5.25
MALONG MARINE TERMINAL,104.49,4.38
LUMUT,100.38,4.14
TELUK ANSON,101.01,4.01
PORT KLANG,101.24,3
PORT DICKSON,101.47,2.32
PELABUHAN SUNGAI UDANG,102.08,2.15
MELAKA,102.15,2.12
MUAR,102.34,2.03
JOHOR,103.54,1.26
SERANGOON HARBOR,103.57,1.24
KEPPEL - (EAST SINGAPORE),103.51,1.17
PULAU BUKOM,103.46,1.14
PULAU SEBAROK,103.48,1.12
JURONG ISLAND,103.44,1.17
TANJUNGUBAN,104.13,1.04
TANJUNGPINANG,104.27,0.55
KIJANG,104.36,0.51
SEKUPANG,103.55,1.08
PULAU SAMBU,103.54,1.1
LALANG MARINE TERMINAL,102.13,1.11
DABO,104.34,-0.3
TOBOALI,106.27,-3.01
MUNTOK,105.1,-2.04
BLINYU,105.47,-1.38
PANGKALPINANG,106.08,-2.07
RAMBA,104.08,-2.37
TANJUNGPANDAN,107.38,-2.45
SUNGAIGERONG,104.5,-2.59
PALEMBANG,104.46,-2.59
ARDJUNA OIL FIELD,107.43,-5.53
CINTA OIL TERMINAL,106.14,-5.3
PANJANG,105.19,-5.28
BENGKULU,102.15,-3.47
PULAU BAAI,102.17,-3.55
TELUK BAYUR,100.22,-1
SIBOLGA,98.46,1.44
TANJUNG BALAI KARIMUN,103.26,0.59
JABUNG BATANGHARI MARINE TERMINAL,104.04,-0.55
KUALA TANJUNG,99.29,3.22
ULEELHEUE,95.17,5.34
SABANG,95.19,5.53
BLANGLANCANG,97.07,5.15
BLANGLANCANG,97.06,5.14
PANGKALANSUSU,98.13,4.07
BELAWAN,98.41,3.47
KUALA KAPUS,114.22,3
DUMAI,101.27,1.41
BENGKALIS,102.06,1.28
SUNGAIPAKNING,102.1,1.21
FLYING FISH COVE,105.42,-10.25
MERAK MAS TERMINAL,105.59,-5.55
BANTEN,105.58,-6.01
ANYER LOR,105.55,-6.03
TANJUNG GEREM,105.59,-5.58
TANJUNG SEKONG,106,-5.55
JAKARTA,106.53,-6.06
POLENG OIL FIELD,112.55,-6.39
CIREBON,108.34,-6.43
TEGAL,109.08,-6.51
PEKALONGAN,109.42,-6.51
SEMARANG,110.25,-6.57
REMBANG,111.21,-6.42
TUBAN,112.09,-6.44
GRESIK,112.39,-7.09
SURABAYA,112.44,-7.12
PROBOLINGGO,113.13,-7.43
PANARUKAN,113.56,-7.42
CELUKAN BAWANG,114.5,-8.11
CILACAP,109,-7.44
TANJUNG BENETE,116.45,-8.54
BENOA,115.13,-8.45
AMPENAN,116.04,-8.34
LABUHANHAJI,116.34,-8.42
MAUMERE,122.13,-8.37
LARANTUKA,122.59,-8.21
ENDE,121.39,-8.5
WAINGAPU,120.13,-9.38
KUPANG,123.35,-10.1
DILI,125.35,-8.32
BELIDA MARINE TERMINAL,105.08,4.08
TAREMPAH,106.13,3.13
BELANAK FIELD TERMINAL,106.15,4.09
UDANG OILFIELD,106.29,4.02
WIDURI MARINE TERMINAL,106.39,-4.4
KUCHING,110.21,1.34
BINTANGOR,111.38,2.1
SIBU,111.49,2.17
SARIKEI,111.32,2.08
TG. MANI,111.21,2.09
BINTULU PORT,113.04,3.16
TAWA,117.53,4.15
TANJUNG PELEPAS,103.33,1.21
MIRI,113.58,4.23
LUTONG,114,4.28
MUARA HARBOR,115.04,5.02
BANDAR SERI BEGAWAN,114.53,4.53
LUMUT,114.27,4.43
SERIA OIL LOADING TERMINAL,114.19,4.37
KUALA BELAIT,114.12,4.38
VICTORIA,115.14,5.17
KOTA KINABALU,116.04,5.59
KUDAT,116.51,6.53
PELABUHAN SANDAKAN,118.07,5.5
LAHAD DATU,118.19,5.01
BAKAPIT,118.35,4.57
MOSTYN,118.15,4.41
TANJUNG ARANG  (BUNYU),117.5,3.28
LINGKAS,117.36,3.17
TANJUNGREDEB,117.29,2.09
TANJUNG SANGATA,117.34,0.22
BENOA,117.58,0.59
BONTANG LNG TERMINAL,117.29,0.06
TANJUNG SANTAN,117.32,-0.06
SAMARINDA,117.07,-0.31
SENIPAH OIL TERMINAL,117.1,-0.57
BALIKPAPAN,116.49,-1.15
LAWI LAWI OIL TERMINAL,116.46,-1.27
GUNUNG BATU BESAR,116.18,-2.37
NORTH PULAU LAUT COAL TERMINAL,116.17,-3.12
KOTA BARU,116.13,-3.14
TANAH MERAH,116.1,-1.49
STAGEN,116.09,-3.18
BANJARMASIN,114.35,-3.2
SAMPIT,113,-2.31
KUMAI,111.43,-2.45
PONTIANAK,109.2,-0.01
MANADO,124.5,1.3
BITUNG,125.11,1.26
GORONTALO,123.03,0.3
POSO,120.45,-1.22
LUWUK,122.48,-0.57
KOLONODALE,121.2,-1.59
MANGKASA OIL TERMINAL,121.04,-2.44
KENDARI,122.35,-3.58
BAUBAU,122.37,-5.28
RAHA ROADSTEAD,122.44,-4.51
POMALAA,121.36,-4.1
PAREPARE,119.37,-4
UJUNG PANDANG,119.24,-5.08
DONGGALA,119.44,-0.39
TAHUNA,125.29,3.37
TELUK BEO,126.47,4.14
TERNATE,127.23,0.47
LABUHA,127.28,-0.38
PATANI,128.45,0.22
WAHAI,129.3,-2.47
BULA,130.3,-3.06
SALAWATI,130.59,-1.21
AMBON,128.1,-3.41
NAMLEA,127.05,-3.17
SAUMLAKI,131.18,-7.59
SERUI,136.15,-1.54
MIEI,134.3,-2.44
MANOKWARI ROAD,134.05,-0.52
TG. SORONG,131.14,-0.53
KASIM TERMINAL,131.01,-1.18
SAILOLOF,130.45,-1.15
FAKFAK,132.17,-2.56
AMAMAPARE,136.58,-4.49
MERAUKE,140.23,-8.29
JAYAPURA,140.43,-2.32
KUMUL,144.34,-8.06
DARU,143.12,-9.04
PORT MORESBY,147.08,-9.28
ALOTOA,150.27,-10.19
SAMARAI,150.4,-10.37
SULOGA HARBOR,152.46,-9.13
DISCOVERY BAY,150.25,-10.25
ORO BAY,148.29,-8.53
LAE,147,-6.44
MADANG,145.49,-5.13
VANIMO,141.08,-2.41
THURSDAY ISLAND,142.13,-10.35
CAPE FLATTERY HARBOR,145.21,-14.57
CAIRNS,145.47,-16.55
MOURILYAN HARBOUR,146.08,-17.36
LUCINDA,146.2,-18.31
TOWNSVILLE,146.49,-19.16
MACKAY,149.13,-21.07
HAY POINT,149.18,-21.17
PORT ALMA,150.51,-23.35
GLADSTONE,151.15,-23.51
BUNDABERG,152.21,-24.52
BRISBANE,153.02,-27.28
BALLINA,153.34,-28.52
NEWCASTLE,151.47,-32.55
SYDNEY,151.12,-33.52
BOTANY BAY,151.14,-34
PORT KEMBLA,150.55,-34.29
JERVIS BAY,150.48,-35.07
BATEMANS BAY,150.1,-35.42
EDEN,149.55,-37.04
WELSHPOOL,146.28,-38.42
WESTERN PORT,145.14,-38.21
MELBOURNE,144.58,-37.5
GEELONG,144.22,-38.09
WARRNAMBOOL,142.29,-38.24
PORTLAND,141.36,-38.2
KINGSCOTE,137.38,-35.38
KLEIN POINT,137.46,-34.58
PORT ADELAIDE,138.3,-34.51
ARDROSSAN,137.55,-34.26
PORT GILES,137.46,-35.02
WALLAROO,137.37,-33.56
PORT PIRIE,138.01,-33.11
WHYALLA,137.35,-33.02
PORT BONYTHON,137.46,-33.01
PORT LINCOLN,135.51,-34.43
THEVENARD,133.39,-32.1
ESPERANCE,121.54,-33.52
ALBANY,117.53,-35.02
BUNBURY,115.38,-33.19
FREMANTLE,115.45,-32.03
GERALDTON,114.36,-28.47
USELESS LOOP,113.24,-26.05
CAPE CUVIER,113.23,-24.13
POINT MURAT,114.11,-21.49
ONSLOW,115.06,-21.39
PORT WALCOTT,117.11,-20.39
DAMPIER,116.43,-20.38
PORT HEDLAND,118.35,-20.19
BROOME,122.14,-17.58
WYNDHAM,128.06,-15.28
DARWIN,130.51,-12.28
MILNER BAY,136.25,-13.52
WEIPA,141.52,-12.4
GOVE,136.42,-12.12
KARUMBA,140.5,-17.29
HOBART,147.2,-42.53
PORT HUON,146.59,-43.1
DOVER,147.02,-43.19
STANLEY,145.17,-40.46
PORT LATTA,145.23,-40.5
BURNIE,145.57,-41.03
DEVONPORT,146.22,-41.11
PORT DALRYMPLE,146.5,-41.08
BEAUTY POINT,146.49,-41.09
LAUNCESTON,147.07,-41.27
WHANGAROA,173.46,-35.03
OPUA,174.07,-35.19
WHANGAREI,174.26,-35.48
AUCKLAND,174.46,-36.51
TAURANGA,176.1,-37.38
GISBORNE,178.02,-38.4
NAPIER,176.55,-39.29
WELLINGTON,174.47,-41.17
WANGANUI,175.02,-39.57
NEW PLYMOUTH,174.02,-39.04
MANUKAU HARBOR,174.47,-36.56
COLLINGWOOD,172.4,-40.41
TARAKOHE,172.54,-40.51
NELSON,173.16,-41.16
PICTON,174.01,-41.17
PORT LYTTELTON,172.43,-43.36
AKAROA,172.58,-43.48
TIMARU,171.15,-44.24
OTAGO HARBOR,170.38,-45.49
BLUFF HARBOR,168.2,-46.36
GREYMOUTH,171.13,-42.26
WESTPORT,171.36,-41.45
KINGSTON,167.57,-29.04
LAUTOKA HARBOR,177.27,-17.36
SUVA HARBOR,178.25,-18.08
LEVUKA,178.5,-17.41
MALAI,179.22,-16.21
SAVUSAVU BAY,179.2,-16.46
NUKU ALOFA,-175.12,-21.08
PANGAI,-174.21,-19.48
NEIAFU,-173.59,-18.39
FUNAFUTI ATOLL,179.08,-8.31
MATA-UTU,-176.08,-13.17
APIA,-171.46,-13.49
PAGO PAGO HARBOR,-170.4,-14.17
ALOFI,-169.56,-19.02
AVATIU,-159.47,-21.12
VAITAPE,-151.45,-16.3
UTUROA,-151.27,-16.44
PAPEETE,-149.35,-17.32
PORT RIKITEA,-134.58,-23.07
ATUONA,-139.02,-9.49
BAIE TAIOHAE,-140.05,-8.56
CANTON ISLAND,-171.43,-2.5
ENGLISH HARBOR,-159.22,3.51
HONOKAA,-155.28,20.06
HILO,-155.04,19.44
HONUAPO,-155.33,19.05
MILOLII,-155.54,19.11
KAUHAKO BAY,-155.54,19.23
NAPOOPOO,-155.56,19.29
KAILUA,-156,19.38
KIHOLO,-155.57,19.52
KAWAIHAE,-155.5,20.02
MAHUKONA,-155.54,20.11
KAHULUI,-156.28,20.54
HANA,-155.59,20.45
LAHAINA,-156.4,20.52
KAUMALAPAU HARBOR,-157,20.47
PUKOO,-156.48,21.04
KAMALO,-156.53,21.03
KAUNAKAKAI,-157.02,21.05
BARBERS POINT TERMINAL,-158.06,21.16
BARBER'S POINT,-158.07,21.19
HONOLULU,-157.52,21.18
PORT ALLEN,-159.35,21.54
NAWILIWILI BAY,-159.21,21.57
AHUKINI LANDING,-159.2,22
NONOPAPA,-160.14,21.52
TERN ISLAND,-166.17,23.52
JOHNSTON ATOLL,-169.31,16.45
MIDWAY ISLAND,-177.22,28.11
WAKE ISLAND,166.37,19.17
ENITWETAK ISLAND,162.2,11.2
KWAJALEIN,167.44,8.43
MAJURO ATOLL,171.23,7.05
TARAWA ATOLL,172.56,1.2
NAURU,166.55,-0.32
SAIPAN,145.41,15.12
TINIAN,145.37,14.58
ROTA,145.09,14.08
APRA HARBOR,144.37,13.27
LELE HARBOR,163.02,5.2
POHNPEI HARBOR,158.12,6.59
MOEN,151.5,7.26
COLONIA,138.08,9.31
MALAKAL HARBOR,134.27,7.2
LONGAN ISLAND,144.18,-1.13
LORENGAU,147.16,-2.01
WEWAK HARBOR,143.38,-3.34
HAMBURG HARBOR,149.58,-1.38
KAVIENG HARBOR,150.48,-2.35
RABAUL,152.11,-4.12
KOKOPO,152.16,-4.2
KIMBE,150.32,-5.08
BIALLA,150.59,-5.18
KIETA,155.38,-6.13
QUEEN CAROLA HARBOR,154.33,-5.1
GIZO HARBOR,156.51,-8.06
PORT NORO,157.11,-8.13
RINGGI COVE,157.06,-8.07
YANDINA,159.13,-9.05
TULAGHI,160.09,-9.06
HONIARA,159.57,-9.25
LUGANVILLE,167.1,-15.31
PORT VILA,168.19,-17.44
FORARI BAY,168.33,-17.41
BAIE DE KOUAOUA,165.49,-21.23
NOUMEA,166.26,-22.17
BAIE UGUE,165.33,-21.09
KUANTAN NEW PORT,103.26,3.58
KEMAMAN HARBOR,103.28,4.15
KIRTEH OIL TERMINAL,103.28,4.34
KUALA TRENGGANU,103.08,5.21
TAPIS MARINE TERMINAL A,105.01,5.31
PORT LANGKAWI,99.46,6.26
BONGKOT TERMINAL,102.2,8.03
TANTAWAN MARINE TERMINAL,101.25,10.05
PATTANI,101.18,6.57
BENCHAMAS TERMINAL,101.15,10.31
MAP TA PHUT,101.1,12.4
SONGKHLA HARBOR,100.35,7.13
ERAWAN TERMINAL,101.21,9.06
RAYONG TPI TERMINAL,101.18,12.38
SATTAHIP,100.55,12.37
BANGKOK,100.3,13.45
SI RACHA,100.55,13.1
SI RACHA TERMINAL,100.53,13.07
SIAM SEAPORT,100.53,13.08
LAEM CHABANG,100.53,13.05
KO SI CHANG TERMINAL,100.49,13.1
PETCHBURI TERMINAL,100.09,13.1
KAMPONG SAOM,103.3,10.38
PHSAR REAM,103.36,10.3
DUONG DONG,103.58,10.13
VUNG TAU,107.04,10.21
PHU MY,107.02,10.35
CAT LAI,106.47,10.45
THANH HO CHI MINH,106.43,10.46
VINH CAM RANH,109.1,11.53
NHA TRANG,109.14,12.15
QUI NHON,109.14,13.46
DAI HANG,108.41,8.29
DA NANG,108.13,16.06
MUI VUNG TAU,107.04,10.19
THANH HOA,106.46,10.49
NGHE TINH,105.46,18.46
HAI PHONG,106.41,20.55
HON GAI,107.04,20.57
CAM PHA,107.22,21.02
FANG-CHENG,108.21,21.45
BEIHAI,109.04,21.29
HAIKOU,110.17,20.03
BASUO,108.37,19.06
ZHANJIANG,110.24,21.12
LON SHUI TERMINAL,115.41,20.5
SHEKOU,113.52,22.28
MACAU,113.34,22.11
SANYA,109.27,18.19
YANGPU,109.11,19.44
CHIWAN,110.02,19.58
SHUI DONG,111.05,21.29
QINZHOU,108.35,21.44
ZHUHAI,113.35,22.14
HUANGPU,113.25,23.05
HUANGPUXINGANG,113.3,23.03
GUANGZHOU,113.14,23.07
HONG KONG,114.12,22.16
YANTIAN,114.16,22.35
HUIZHOU,114.31,22.43
SHAN T OU,116.41,23.22
CHAOZHOU,117.05,23.37
DONGSHAN,117.31,23.45
XIAMEN,118.04,24.27
ZHANGZHOU,118.09,24.41
QUANZHOU,118.36,24.53
XIUYU,118.59,25.14
CHI-LUNG,121.46,25.08
SU-AO,121.52,24.36
HUA-LIEN KANG,121.36,23.59
KAO-HSIUNG,120.15,22.37
TAN-SHUI,121.24,25.11
PENG-HU KANG,119.32,23.35
MAILIAO,120.1,23.47
TAI-CHUNG KANG,120.3,24.18
BASCO,121.58,20.27
CLAVERIA,121.05,18.37
PORT SAN VICENTE,122.08,18.31
APARRI,121.38,18.22
HONDAGUA,122.14,13.57
JOSE PANGANIBAN,122.41,14.17
VIRAC,124.15,13.35
TABACO,123.44,13.22
LEGAZPI PORT,123.45,13.09
SORSOGON,124,12.58
SANTA CRUZ (MARINDUQUE ISL),122.04,13.3
BATANGAS CITY,121.03,13.45
NASUGBU,120.37,14.05
MANILA,120.58,14.35
MARIVELES,120.29,14.26
SUBIC BAY,120.16,14.48
MASINLOC,119.57,15.33
SAN FERNANDO HARBOR,120.19,16.37
CALAPAN,121.11,13.25
PORT ROMBLON,122.16,12.35
MASBATE,123.37,12.22
LAOANG,125.01,12.34
PORT BORONGAN,125.26,11.36
GUIUAN,125.43,11.02
CATBALOGAN,124.53,11.46
TACLOBAN,125,11.15
TANAUAN,125.01,11.06
MAASIN,124.5,10.08
BAYBAY,124.48,10.41
ORMOC,124.36,11
ISABEL,124.26,10.55
PALOMPON,124.23,11.03
TAGBILARAN,123.51,9.39
TUBIGAN,123.58,9.57
CEBU,123.54,10.18
TOLEDO,123.38,10.22
SAN CARLOS,123.25,10.29
BAIS,123.07,9.36
DUMAGUETE,123.18,9.19
LAZI,123.38,9.08
PULUPANDAN,122.48,10.31
PORT CAPIZ,122.43,11.36
JORDAN,122.35,10.4
ILOILO,122.35,10.42
PUERTO PRINCESA,118.44,9.44
SURIGAO CITY,125.3,9.47
MASAO,125.25,9
NASIPIT PORT,125.2,8.59
HINATUAN,126.2,8.22
MANGAGOY,126.19,8.14
MATI,126.13,6.57
DAVAO,125.37,7.04
GINGOOG,125.06,8.5
GENERAL SANTOS,125.11,6.07
POLLOC (COTABATO),124.13,7.21
PAGADIAN,123.26,7.5
MARGOSATUBIG,123.1,7.35
SANTA CLARA,122.41,7.47
ZAMBOANGA,122.04,6.54
JIMENEZ,123.52,8.2
PORT OZAMIS,123.51,8.08
ILIGAN,124.14,8.14
CAGAYAN DE ORO,124.4,8.3
BUGO,124.45,8.31
VILLANUEVA,124.46,8.35
BUTUAN CITY,125.32,8.57
BASILIAN CITY (ISABELA),121.58,6.43
PORT HOLLAND,121.52,6.33
JOLO,121,6.03
SIASI,120.49,5.33
FUZHOU,119.18,26.05
WENZHOU,120.39,28.01
HAIMEN,121.27,28.41
NINGBO,121.33,29.53
ZHEN HAI,121.42,29.57
ZHOUSHAN,122.06,30
ZHAPU,121.05,30.35
SHANGHAI,121.3,31.13
CHANGSHU,120.57,31.46
TAICANG,121.12,31.39
JIANGYIN,120.14,31.55
CHANGZHOU,119.59,31.58
GAOGANG,119.51,32.17
YANGZHOU,119.26,32.16
ZHANGJIANGANG,120.24,31.58
NANTONG,120.48,32
ZHENJIANG,119.26,32.13
NANJING,118.45,32.05
WU HU,118.22,31.2
ANKINGCHENG,117.02,30.31
HANKOW,114.17,30.35
WANXIAN,108.26,30.49
CHUNG CHING,106.38,29.34
LANSHAN,119.22,30.06
LIANYUNGANG,119.27,34.44
RIZHAO,119.34,35.23
QINGDAO GANG,120.16,36.02
WEIHAI,122.06,37.3
YANTAI,121.27,37.33
PENGLAI,120.5,37.49
LONGKOU GANG,120.17,37.38
DAGU TANGGU,117.4,38.58
TIANJIN XIN GANG,117.5,38.58
TANGSHAN (JINGTANG),119.01,39.12
QINHUANGDAO,119.37,39.56
SUIZHANG GANG,121.03,40.04
HULUDAO GANG,120.59,40.42
JINZHOU WAN,121.06,40.45
YINGKOU,122.14,40.41
BAYUQUAN,122.05,40.18
DANDONG,124.09,39.49
LUSHUN,121.15,38.47
DALIAN,121.4,38.55
NAMPO,125.24,38.43
KYOMIP'O,125.37,38.44
HAEJU HANG,125.42,38
INCHON,126.37,37.28
DAESAN HANG,126.24,37.01
PYEONGTAEK HANG,126.48,37
KUNSAN,126.37,35.59
MOKPO,126.23,34.47
CHEJU HANG,126.32,33.31
YOSU,127.45,34.44
GWANGYANG HANG,127.48,34.51
MASAN,128.34,35.11
CHINAE,128.39,35.08
PUSAN,129.02,35.06
ULSAN,129.24,35.27
POHANG,129.23,36.03
MUKHO,129.07,37.34
TONGHAE,129.09,37.32
SOKCH'O HANG,128.36,38.12
WONSAN,127.27,39.1
HUNGNAM,127.37,39.5
CH'AHO,128.39,40.12
KIMCH'AEK,129.12,40.4
CH'ONGJIN,129.49,41.46
NAJIN,130.18,42.14
SENBONG,130.24,42.2
POS'YET,130.48,42.39
ZARUBINO,131.05,42.38
VLADIVOSTOK,131.54,43.07
BUKHTA GAYDAMAK,132.41,42.52
VOSTOCHNYY,133.05,42.45
NAKHODKA,132.53,42.48
SOVETSKAYA GAVAN,140.17,48.58
BUKHTA VANINO,140.17,49.05
DE KASTRI,140.47,51.28
NIKOLAYEVSK NA AMUR,140.44,53.08
OKHA,143,53.33
VITAZ MARINE TERMINAL,143.33,52.42
PORONAYSK,143.08,49.13
KORSAKOV,142.46,46.37
NEVELSK,141.52,46.4
KHOLMSK,142.03,47.03
UGLEGORSK,142.02,49.05
SHAKHTERSK,142.04,49.1
LESOGORSK,142.08,49.27
MYS ROGATYY OKTYABRSKIY,142.06,50.44
ALEKSANDROVSK -SAKHALINSKIY,142.08,50.54
LAZAREV,141.31,52.13
MOSKAL VO,142.3,53.35
SHAKOTAN,146.5,43.52
MOMBETSU KO,143.21,44.21
ABASHIRI KO,144.17,44.01
NEMURO KO,145.35,43.2
HANASAKI KO,145.35,43.17
KUSHIRO KO,144.22,42.59
TOMAKOMAI KO,141.38,42.38
MURORAN KO,140.58,42.21
TOKACHI,143.18,42.15
MORI,140.35,42.07
HAKODATE KO,140.43,41.47
ESASI KO,140.07,41.52
OTARU KO,141.01,43.12
ISIKARI WAN,141.22,43.14
ISHIKARI BAY NEW PORT,141.17,43.13
RUMOI KO,141.38,43.57
WAKKANAI,141.41,43.25
AOMORI KO,140.45,40.5
NOSHIRO KO,140,40.13
HACHINOHE KO,141.33,40.32
MIYAKO,141.59,39.38
KAMAISHI KO,141.54,39.16
OFUNATO,141.44,39.03
KESENNUMA KO,141.36,38.52
ONAGAWA,141.27,38.27
ISHINOMAKI KO,141.19,38.24
SENDAI-SHIOGAMA,141.02,38.19
SOMA,140.57,37.5
ONAHAMA KO,140.54,36.56
HITACHI,140.38,36.3
KASHIMA KO,140.42,35.56
CHOSHI,140.51,35.44
TATEYAMA KO,139.48,35
KISARAZU KO,139.53,35.22
CHIBA KO,140.04,35.35
KATSUNAN KO,139.59,35.4
FUNABASHI,139.57,35.4
TOKYO KO,139.45,35.4
KAWASAKI KO,139.46,35.3
YOKOHAMA KO,139.35,35.27
YOKOSUKA KO,139.4,35.17
URAGA KO,139.43,35.14
TAGONOURA KO,138.42,35.08
ATSUMI,137.04,34.4
SHIMODA KO,138.57,34.4
OMAEZAKI KO,138.14,34.36
SHIMIZU KO,138.3,35.01
MIKAWA,137.18,34.43
KINUURA KO,136.57,34.51
GAMAGORI KO,137.13,34.49
NAGOYA KO,136.52,35.04
YOKKAICHI,136.38,34.58
MATSUSAKA,136.34,34.36
TOBA,136.51,34.29
OWASE KO,136.13,34.04
TANABE KO,135.22,33.43
YURA,135.06,33.57
WAKAYAMA-SHIMOTSU KO,135.08,34.12
SAKAI-SENBOKU,135.26,34.33
OSAKA,135.26,34.39
AMAGASAKI,135.23,34.42
KOBE,135.11,34.39
HIROHATA,134.38,34.46
SHIKAMA,134.39,34.46
HIMEJI,134.38,34.45
HIGASHI-HARIMA,134.5,34.42
AIOI,134.28,34.47
O0KIHAMA,134.34,34.45
KAKOGAWA,134.5,34.42
UNO KO,133.57,34.29
HIBI KO,133.56,34.27
MIZUSHIMA KO,133.45,34.3
FUKUYAMA,133.26,34.26
HABU KO,133.11,34.17
ONOMICHI-ITOZAKI,133.1,34.23
KURE,132.33,34.14
MITSUKOJIMA,132.31,34.11
HIROSHIMA,132.28,34.21
KANOKAWA KO,132.26,34.11
IWAKUNI KO,132.15,34.11
NAMIKATA,132.54,34.07
KUDAMATSU,131.52,34
TOKUYAMA,131.49,34.02
UBE KO,131.14,33.56
HIKARI,131.56,33.57
SHIMONOSEKI,130.56,33.56
HAGI KO,131.24,34.25
HAMADA KO,132.05,34.54
SAKAI KO,133.15,35.33
SAKAIMINATO,133.14,35.32
MIYAZU,135.12,35.32
MAIZURU KO,135.2,35.31
UCHIURA,135.3,35.31
FUKUI,136.12,36.04
TSURUGA KO,136.04,35.39
FUKUI KO,136.06,36.11
KANAZAWA,136.36,36.37
NANAO KO,136.59,37.03
FUSHIKI-TOYAMA,137.08,36.46
SHIMMINATO,137.07,36.46
HIMEKAWA,137.51,37.02
NAOETSU KO,138.15,37.11
KASHIWAZAKI,138.33,37.22
NIIGATA KO,139.03,37.55
EASTERN PART OF NIIGATA-KO,139.14,38.01
RYOTU KO,138.34,38.05
SAKATA KO,139.49,38.56
AKITA-FUNAKAWA KO,140,39.5
MEGA,134.42,34.47
HANNAN KO,135.21,34.28
TAKAMATSU,134.03,34.21
KOMATSUSHIMA,134.36,34.01
TACHIBANA,134.4,33.52
SHINGU,135.59,33.4
KOCHI KO,133.34,33.3
SUSAKI KO,133.18,33.23
UWAJIMA KO,132.34,33.13
YAWATAHAMA,132.25,33.27
MATSUYAMA,132.42,33.51
KIKUMA KO,132.5,34.02
MUTUREZIMA KO,130.52,33.58
IMABARI KO,133.01,34.04
TAKUMA,133.41,34.13
TONDA,131.45,34.02
ONODA,131.11,34
NIIHAMA,133.17,33.59
MISHIMA-KAWANOE KO,133.33,34
MARUGAME KO,133.47,34.18
SAKAIDE KO,133.51,34.2
YANAI,132.08,33.57
TOBATA,130.49,33.55
HIBIKINADA,130.5,33.56
WAKAMATSU KO,130.49,33.54
YAHATA,130.49,33.52
KOKURA KO,130.53,33.53
MOJI KO,130.58,33.57
KANDA,131.01,33.47
BEPPU,131.31,33.19
OITA KO,131.4,33.15
SAGANOSEKI KO,131.52,33.15
TSUKUMI KO,131.52,33.05
SAIKI KO,131.56,32.58
HOSOSHIMA KO,131.4,32.26
KAGOSHIMA KO,130.34,31.35
SHIBUSHI WAN,131.06,31.28
KIIRE,130.33,31.23
MINAMATA KO,130.23,32.12
YATSUSHIRO KO,130.32,32.3
MISUMI KO,130.28,32.36
MIIKE KO,130.25,33
MATSU-SHIMA,129.36,32.56
AOKATA,129.04,32.59
NAGASAKI,129.51,32.43
SASEBO,129.43,33.1
IMARI,129.53,33.17
KARATSU,129.58,33.29
HAKATA,130.24,33.36
IZUHARA,129.18,34.12
KIN WAN,127.54,26.25
NISHIHARA,127.48,26.13
NAHA KO,127.41,26.13
NAKAGUSUKU,127.55,26.16
HIRARA KO,125.17,24.48
ISHIGAKI,124.1,24.2
SLAVYANKA,131.23,42.52
OKHOTSK IY REYD,143.12,59.22
BUKHTA NAGAYEVA (MAGADAN),150.43,59.34
PETROPAVLOVSK,158.39,53.03
NIKOL SKOYE,165.59,55.12
PORT BERINGOVSKY,179.22,63.04
PROVIDENIYA,-173.14,64.25
AMBARCHIK,162.19,69.38
TIKSI,128.52,71.38
PEVEK,170.18,69.43
PORT DIKSON,80.31,73.3
UST-PORT,84.26,69.4
DUDINKA,86.1,69.24
IGARKA,86.36,67.29
MYS NOVYY PORT,72.54,67.4
NAR YAN-MAR,53,67.39
MEZEN,44.11,65.5
ARKHANGELS'K,40.32,64.32
SEVERODVINSK,39.47,64.34
ONEGA,38.06,63.54
BELOMORSK,34.48,64.32
RABOCHEOSTROVSK,34.47,64.59
KERET,33.34,66.17
KOVDA,32.52,66.41
KANDALAKSHA,32.25,67.08
VITINO,32.19,67.05
BOLSHAYA PIRYU GUBA,34.22,66.4
OSTROVNOY GREMIKHA,39.31,68.03
MURMANSK,33.03,68.59
MYS ABRAM,33.02,68.59
ELLEFSEN HARBOR,-45.02,-60.44
SCOTIA BAY,-44.43,-60.45
ADMIRALTY BAY,-58.25,-62.05
PORT FOSTER,-60.38,-62.57
PORT LOCKROY,-63.3,-64.49
MELCHIOR HARBOR,-63,-64.19
ANDERSEN HARBOR,-62.56,-64.19
MCMURDO STATION,166.39,-77.51